date,mode,regime,seed,overrides,operating_cost_USD,DR_cost_USD,battery_wear,converter_wear,wear_cost_USD,terminal_correction_USD,total_cost_USD,energy_adjusted_cost_USD,terminal_SOC,terminal_SOC_error,trip,thermal_exceedance_hours,DR_shortfall_kWh,Tj_RMSE_C,Tj_peak_C,FEC,solver_p95_seconds,max_rainflow_gap_USD,solver_status_counts,numerical_gate,terminal_service_met,elapsed_seconds,cooling,solver_fallback_intervals,cut_limit_intervals,latched_trip_intervals
2017-01-01,economic,heatwave_dr,41,{'cooling': 1.0},247.7636433960956,0.0,0.00013235435481994285,1.0814971908473565e-07,6.620962232569685,0.0,254.3846056286653,254.3846056286653,0.5,0.0,0,0.0,0.0,0.6023340139106305,59.43677499909283,1.2333624256210467,0.0068581250015995465,0.0,{'optimal': 96},PASS,True,0.6160596999980044,1.0,0,0,0
2017-01-01,full,heatwave_dr,41,{'cooling': 1.0},247.65864155139693,0.0014728148061884383,0.00012723289623068937,1.1186102388178253e-07,6.365000642250922,0.0,254.02511500845404,254.02511500845404,0.5,0.0,0,0.0,0.0007364074030942191,0.5170440678317267,58.714278739195464,1.2000000000000002,0.020553424990794156,6.8986616303945425e-06,{'optimal': 96},PASS,True,1.4070957999792881,1.0,0,0,0
2017-01-01,full_mean,heatwave_dr,41,{'cooling': 1.0},247.65864155139693,0.0014728148061884383,0.00012723289623068937,1.1186102388178253e-07,6.365000642250922,0.0,254.02511500845404,254.02511500845404,0.5,0.0,0,0.0,0.0007364074030942191,0.07712448695892381,58.714278739195464,1.2000000000000002,0.02096687499579275,6.8986616303945425e-06,{'optimal': 96},PASS,True,1.4207430999958888,1.0,0,0,0
2017-01-01,rainflow,heatwave_dr,41,{'cooling': 1.0},247.65168078625663,0.0,0.00012723296139602628,1.0377249068208331e-07,6.364761244521777,0.0,254.01644203077842,254.01644203077842,0.5,0.0,0,0.0,0.0,0.5846159135773893,59.43310885760991,1.200000436794151,0.014943050002329983,5.6791766147590295e-05,{'optimal': 96},PASS,True,1.0493621999921743,1.0,0,0,0
2017-01-01,scalar,heatwave_dr,41,{'cooling': 1.0},247.65967128435693,0.006053508465146962,0.00012723289623068937,1.0973337715123311e-07,6.364936812849005,0.0,254.0306616056711,254.0306616056711,0.5,0.0,0,0.0,0.003026754232573481,0.573270037873293,58.598763016753196,1.2,0.014511825014778879,7.442217309971966e-06,{'optimal': 96},PASS,True,1.2508941999985836,1.0,0,0,0
2017-01-01,waveform,heatwave_dr,41,{'cooling': 1.0},247.65864155139693,0.0014728148061884383,0.00012723289623068937,1.1186102388178253e-07,6.365000642250922,0.0,254.02511500845404,254.02511500845404,0.5,0.0,0,0.0,0.0007364074030942191,0.18598215701758367,58.714278739195464,1.2000000000000002,0.015660500015655998,6.8986616303945425e-06,{'optimal': 96},PASS,True,1.2981816999963485,1.0,0,0,0
2017-04-01,economic,heatwave_dr,41,{'cooling': 1.0},16.916990599966176,0.0,5.697731858514214e-05,2.0402971320170113e-06,2.910074843217618,0.0,19.827065443183795,19.827065443183795,0.5,0.0,0,0.0,0.0,0.3757582229637939,83.27661134217665,0.7034142013642575,0.010123400017619133,0.0,{'optimal': 96},PASS,True,0.8159295999794267,1.0,0,0,0
2017-04-01,full,heatwave_dr,41,{'cooling': 1.0},15.977144134355644,0.0,5.3316158682941884e-05,8.607909462941616e-07,2.691631662535919,0.0,18.668775796891563,18.668775796891563,0.5,0.0,0,0.0,0.0,0.5163028661388444,79.04711240877636,0.6791696820651976,0.07534144999226555,9.400393385394779e-05,{'optimal': 96},PASS,True,2.645114300015848,1.0,0,0,0
2017-04-01,full_mean,heatwave_dr,41,{'cooling': 1.0},15.992259491068516,0.0,5.3255325502975814e-05,8.585087114614256e-07,2.6885215364926336,0.0,18.68078102756115,18.68078102756115,0.5,0.0,0,0.0,0.0,0.05941728762777843,79.02578738224194,0.6791696820651978,0.06932577500265324,9.686790587074001e-05,{'optimal': 96},PASS,True,2.627247199998237,1.0,0,0,0
2017-04-01,rainflow,heatwave_dr,41,{'cooling': 1.0},15.47321819860256,0.0,5.3667119206519655e-05,6.653536462165173e-07,2.7033165697124786,0.0,18.176534768315037,18.176534768315037,0.5,0.0,0,0.0,0.0,0.271181345493269,77.00393694192387,0.7024052393963852,0.053229074997943826,7.376570861400422e-05,{'optimal': 96},PASS,True,2.076331600022968,1.0,0,0,0
2017-04-01,scalar,heatwave_dr,41,{'cooling': 1.0},15.932760778312854,0.0,5.346312307288687e-05,8.685208778484749e-07,2.6992117799797977,0.0,18.631972558292652,18.631972558292652,0.5,0.0,0,0.0,0.0,0.27381492972415283,79.11565989081069,0.6790141578392318,0.05906860001414316,9.960527548696918e-05,{'optimal': 96},PASS,True,2.5590000999800395,1.0,0,0,0
2017-04-01,waveform,heatwave_dr,41,{'cooling': 1.0},15.97684175745741,0.0,5.331737076644923e-05,8.608366825689461e-07,2.6916936387995296,0.0,18.668535396256942,18.668535396256942,0.5,0.0,0,0.0,0.0,0.18141874709390163,79.04753882522385,0.6791696820651977,0.06422235001082299,9.39879180088532e-05,{'optimal': 96},PASS,True,2.6940798000141513,1.0,0,0,0
2017-07-01,economic,heatwave_dr,41,{'cooling': 1.0},0.17680225431948626,0.0,3.1180583387428545e-05,7.428122160399914e-08,1.5612576060195473,0.0,1.7380598603390336,1.7380598603390336,0.5,0.0,0,0.0,0.0,0.27431670356436555,68.73612162412583,0.419575132022816,0.009596999996574596,0.0,{'optimal': 96},PASS,True,0.7295543999935035,1.0,0,0,0
2017-07-01,full,heatwave_dr,41,{'cooling': 1.0},-0.7527313297940563,0.0,2.928342900916438e-05,8.447748251839384e-08,1.4667057749337709,0.0,0.7139744451397145,0.7139744451397145,0.5,0.0,0,0.0,0.0,0.5160143264280228,69.64751141880518,0.39632594317690667,0.09047854998789262,9.12928988810735e-05,{'optimal': 96},PASS,True,2.5683458000130486,1.0,0,0,0
2017-07-01,full_mean,heatwave_dr,41,{'cooling': 1.0},-0.7527092496321441,0.0,2.9283557505219948e-05,8.447782534000275e-08,1.4667122100211973,0.0,0.7140029603890532,0.7140029603890532,0.5,0.0,0,0.0,0.0,0.0569924083224106,69.6475337902271,0.3963346629005668,0.0795219999999972,9.030797345929709e-05,{'optimal': 96},PASS,True,2.44332759999088,1.0,0,0,0
2017-07-01,rainflow,heatwave_dr,41,{'cooling': 1.0},0.1692011467437804,0.0,3.111239027737335e-05,8.943956892408079e-08,1.55830270093639,0.0,1.7275038476801703,1.7275038476801703,0.5,0.0,0,0.0,0.0,0.28869353621459043,69.62723005217082,0.4152831466705703,0.08369395000045188,8.442808477324149e-05,{'optimal': 96},PASS,True,1.9613791000156198,1.0,0,0,0
2017-07-01,scalar,heatwave_dr,41,{'cooling': 1.0},-0.7633657569118308,0.0,2.9259100957465016e-05,8.44229373631177e-08,1.4654877359941443,0.0,0.7021219790823134,0.7021219790823134,0.5,0.0,0,0.0,0.0,0.2723233433685922,69.64576852016738,0.3957225562189041,0.08743570000660839,6.387069549720903e-05,{'optimal': 96},PASS,True,2.6420661000011023,1.0,0,0,0
2017-07-01,waveform,heatwave_dr,41,{'cooling': 1.0},-0.7527092557541448,0.0,2.9283557457167298e-05,8.447783054862926e-08,1.4667122077748238,0.0,0.714002952020679,0.714002952020679,0.5,0.0,0,0.0,0.0,0.18165496377603532,69.6475341126866,0.39633465964039977,0.11066427500190912,9.030823171835012e-05,{'optimal': 96},PASS,True,2.8437393000058364,1.0,0,0,0
2017-10-01,economic,heatwave_dr,41,{'cooling': 1.0},27.886063374154993,0.0,6.312489908359001e-05,3.2401607988049153e-06,3.253449778143648,0.0,31.13951315229864,31.13951315229864,0.5,0.0,0,0.0,0.0,0.4978228918512744,88.11539190225012,0.7162948435697123,0.006805674987845123,0.0,{'optimal': 96},PASS,True,0.5921613999817055,1.0,0,0,0
2017-10-01,full,heatwave_dr,41,{'cooling': 1.0},28.522230746363352,0.0,5.8551837918724175e-05,4.910276379723168e-07,2.9423227250753783,0.0,31.46455347143873,31.46455347143873,0.5,0.0,0,0.0,0.0,0.5169804274151962,71.54911204473956,0.69401342243839,0.05455567500030156,8.828501320756743e-05,{'optimal': 96},PASS,True,2.2075835000141524,1.0,0,0,0
2017-10-01,full_mean,heatwave_dr,41,{'cooling': 1.0},28.522231612553238,0.0,5.8551857739114085e-05,4.910564454396811e-07,2.9423245803188944,0.0,31.46455619287213,31.46455619287213,0.5,0.0,0,0.0,0.0,0.06312341088675064,71.54957725519479,0.6940134224383899,0.041538475008565,8.827984065762351e-05,{'optimal': 96},PASS,True,2.047245399997337,1.0,0,0,0
2017-10-01,rainflow,heatwave_dr,41,{'cooling': 1.0},28.522430884418576,0.0,5.8588832820493905e-05,5.326832488123169e-07,2.945422138489065,0.0,31.46785302290764,31.46785302290764,0.5,0.0,0,0.0,0.0,0.49551095103959614,72.15386761794853,0.6939716431349797,0.034392850000585895,8.185221479894977e-05,{'optimal': 96},PASS,True,1.6318018999882042,1.0,0,0,0
2017-10-01,scalar,heatwave_dr,41,{'cooling': 1.0},28.52091123731293,0.0,5.856272659171909e-05,4.914988407511031e-07,2.9428812948084873,0.0,31.463792532121417,31.463792532121417,0.5,0.0,0,0.0,0.0,0.49568015622231354,71.54161041247283,0.6939711619265421,0.04286034999677213,9.187151529399529e-05,{'optimal': 96},PASS,True,1.9429294999863487,1.0,0,0,0
2017-10-01,waveform,heatwave_dr,41,{'cooling': 1.0},28.522224895275663,0.0,5.855170402416686e-05,4.90833077591827e-07,2.942310193536098,0.0,31.46453508881176,31.46453508881176,0.5,0.0,0,0.0,0.0,0.18401902504627013,71.54596943405227,0.69401342243839,0.04087382498983061,8.831996001967823e-05,{'optimal': 96},PASS,True,2.0906354000035208,1.0,0,0,0
2017-01-01,economic,heatwave_dr,41,{'cooling': 1.2},247.7636433960956,0.0,0.00013235435481994285,1.9544811256764948e-07,6.623581184374172,0.0,254.38722458046976,254.38722458046976,0.5,0.0,0,0.0,0.0,1.7560341272219984,64.21228390141316,1.2333624256210467,0.00957425001251977,0.0,{'optimal': 96},PASS,True,0.6978832999884617,1.2,0,0,0
2017-01-01,full,heatwave_dr,41,{'cooling': 1.2},247.65864155139693,0.0014728148061884383,0.00012723289623068937,2.0767249510679162e-07,6.367874986387672,0.0,254.0279893525908,254.0279893525908,0.5,0.0,0,0.0,0.0007364074030942191,0.7604440868608395,63.60862668557262,1.2000000000000002,0.020881799995549954,6.8986616303945425e-06,{'optimal': 96},PASS,True,1.5185772999830078,1.2,0,0,0
2017-01-01,full_mean,heatwave_dr,41,{'cooling': 1.2},247.65864155139693,0.0014728148061884383,0.00012723289623068937,2.0767249510679162e-07,6.367874986387672,0.0,254.0279893525908,254.0279893525908,0.5,0.0,0,0.0,0.0007364074030942191,0.9679073937479938,63.60862668557262,1.2000000000000002,0.021829624987731222,6.8986616303945425e-06,{'optimal': 96},PASS,True,1.8072484000003897,1.2,0,0,0
2017-01-01,rainflow,heatwave_dr,41,{'cooling': 1.2},247.65168078625663,0.0,0.00012723296139602628,1.9119336651288532e-07,6.367383870796701,0.0,254.01906465705332,254.01906465705332,0.5,0.0,0,0.0,0.0,1.7229573778487024,64.19879160345488,1.200000436794151,0.01901874999748543,5.6791766147590295e-05,{'optimal': 96},PASS,True,1.5347584999981336,1.2,0,0,0
2017-01-01,scalar,heatwave_dr,41,{'cooling': 1.2},247.65967128435693,0.006053508465146962,0.00012723289623068937,2.0380827275218307e-07,6.3677590597170335,0.0,254.03348385253912,254.03348385253912,0.5,0.0,0,0.0,0.003026754232573481,1.65738386087042,63.48285081243963,1.2,0.0204399999929592,7.442217309971966e-06,{'optimal': 96},PASS,True,1.5856382999918424,1.2,0,0,0
2017-01-01,waveform,heatwave_dr,41,{'cooling': 1.2},247.65864155139693,0.0014728148061884383,0.00012723289623068937,2.0767249510679162e-07,6.367874986387672,0.0,254.0279893525908,254.0279893525908,0.5,0.0,0,0.0,0.0007364074030942191,1.306281706704985,63.60862668557262,1.2000000000000002,0.02016399999411078,6.8986616303945425e-06,{'optimal': 96},PASS,True,1.411422000004677,1.2,0,0,0
2017-04-01,economic,heatwave_dr,41,{'cooling': 1.2},16.916990599966176,0.0,5.697731858514214e-05,2.7986682771882903e-06,2.932825977572756,0.0,19.84981657753893,19.84981657753893,0.5,0.0,0,0.0,0.0,1.1332522508725218,86.20217494675725,0.7034142013642575,0.00924085000588093,0.0,{'optimal': 96},PASS,True,0.675800099998014,1.2,0,0,0
2017-04-01,full,heatwave_dr,41,{'cooling': 1.2},15.974989980684555,0.0,5.332482778794295e-05,1.4260019150443333e-06,2.7090214468484772,0.0,18.684011427533033,18.684011427533033,0.5,0.0,0,0.0,0.0,0.6316648114427769,83.83519581130719,0.6791696820651976,0.06648807500459952,9.388940910515231e-05,{'optimal': 96},PASS,True,2.544925299996976,1.2,0,0,0
2017-04-01,full_mean,heatwave_dr,41,{'cooling': 1.2},15.975255540078281,0.0,5.332375619151014e-05,1.4259057909677212e-06,2.7089649833045386,0.0,18.68422052338282,18.68422052338282,0.5,0.0,0,0.0,0.0,0.7255978287758557,83.83461706040299,0.6791696820651977,0.06124974999693222,9.562198989446213e-05,{'optimal': 96},PASS,True,2.5401241999934427,1.2,0,0,0
2017-04-01,rainflow,heatwave_dr,41,{'cooling': 1.2},15.47321819860256,0.0,5.3667119206519655e-05,1.0313643174889646e-06,2.714296889850652,0.0,18.18751508845321,18.18751508845321,0.5,0.0,0,0.0,0.0,1.078158803690739,81.10950988716083,0.7024052393963852,0.056833724993339274,7.376570861400422e-05,{'optimal': 96},PASS,True,2.176769300014712,1.2,0,0,0
2017-04-01,scalar,heatwave_dr,41,{'cooling': 1.2},15.956055705968025,0.0,5.336797872606782e-05,1.4331653274230472e-06,2.7113938961260824,0.0,18.667449602094106,18.667449602094106,0.5,0.0,0,0.0,0.0,1.1088581202322074,83.87829533032283,0.6790141578392319,0.06347582500166027,9.166711028005259e-05,{'optimal': 96},PASS,True,2.8002190999977756,1.2,0,0,0
2017-04-01,waveform,heatwave_dr,41,{'cooling': 1.2},15.974956048488666,0.0,5.3324959609238134e-05,1.426013716675738e-06,2.7090283919621787,0.0,18.683984440450846,18.683984440450846,0.5,0.0,0,0.0,0.0,0.97506250572146,83.83526701062354,0.6791696820651976,0.08707462499296525,9.388766809248494e-05,{'optimal': 96},PASS,True,2.814611200010404,1.2,0,0,0
2017-07-01,economic,heatwave_dr,41,{'cooling': 1.2},0.17680225431948626,0.0,3.1180583387428545e-05,1.0516896616906132e-07,1.5621842383564992,0.0,1.7389864926759855,1.7389864926759855,0.5,0.0,0,0.0,0.0,0.8212940673668178,71.29903477991579,0.419575132022816,0.009241000007023104,0.0,{'optimal': 96},PASS,True,0.6129537999804597,1.2,0,0,0
2017-07-01,full,heatwave_dr,41,{'cooling': 1.2},-0.7527094038486037,0.0,2.9283556546687148e-05,1.2052011546708104e-07,1.4677934307983698,0.0,0.715084026949766,0.715084026949766,0.5,0.0,0,0.0,0.0,0.5914883689250514,72.35649427788915,0.39633459786811637,0.08638920000521466,9.031312517482348e-05,{'optimal': 96},PASS,True,2.721210500021698,1.2,0,0,0
2017-07-01,full_mean,heatwave_dr,41,{'cooling': 1.2},-0.7527094191452455,0.0,2.9283556458065675e-05,1.20520114495325e-07,1.4677934263381436,0.0,0.7150840071928981,0.7150840071928981,0.5,0.0,0,0.0,0.0,0.523219368342067,72.35649423254638,0.39633459185550907,0.08948607499769423,9.031360148697987e-05,{'optimal': 96},PASS,True,2.5574644000153057,1.2,0,0,0
2017-07-01,rainflow,heatwave_dr,41,{'cooling': 1.2},0.1692011467437804,0.0,3.111239027737335e-05,1.236326053941026e-07,1.5593284920304906,0.0,1.728529638774271,1.728529638774271,0.5,0.0,0,0.0,0.0,0.8422142263249288,72.1147651899513,0.4152831466705703,0.0677546000079019,8.442808477324149e-05,{'optimal': 96},PASS,True,1.7374516999989282,1.2,0,0,0
2017-07-01,scalar,heatwave_dr,41,{'cooling': 1.2},-0.7641527945511806,0.0,2.925910095746502e-05,1.220925958533566e-07,1.4666178257488516,0.0,0.702465031197671,0.702465031197671,0.5,0.0,0,0.0,0.0,0.8243413206882094,72.35267506239146,0.39572255621890423,0.09562542499770643,6.334813405101114e-05,{'optimal': 96},PASS,True,2.8448485999833792,1.2,0,0,0
2017-07-01,waveform,heatwave_dr,41,{'cooling': 1.2},-0.7527093947788916,0.0,2.9283556596418177e-05,1.2052011794947478e-07,1.4677934333593932,0.0,0.7150840385805015,0.7150840385805015,0.5,0.0,0,0.0,0.0,0.7284665326037247,72.35649439232591,0.3963346012421642,0.07781022501148982,9.031285788718701e-05,{'optimal': 96},PASS,True,2.445569200004684,1.2,0,0,0
2017-10-01,economic,heatwave_dr,41,{'cooling': 1.2},27.886063374154993,0.0,6.312489908359001e-05,4.0698383816916335e-06,3.2783401056302495,0.0,31.164403479785243,31.164403479785243,0.5,0.0,0,0.0,0.0,1.3156960888858258,90.99957352462374,0.7162948435697123,0.006763574994693045,0.0,{'optimal': 96},PASS,True,0.6026954999833833,1.2,0,0,0
2017-10-01,full,heatwave_dr,41,{'cooling': 1.2},28.522212942014146,0.0,5.8551430443812954e-05,6.33191851987114e-07,2.946567277750261,0.0,31.468780219764408,31.468780219764408,0.5,0.0,0,0.0,0.0,0.663958160957532,73.8061435443299,0.6940134224383899,0.050054649997036904,8.839138791305601e-05,{'optimal': 96},PASS,True,2.0915167999919504,1.2,0,0,0
2017-10-01,full_mean,heatwave_dr,41,{'cooling': 1.2},28.52221337595006,0.0,5.85514403765916e-05,6.332098223548062e-07,2.9465683135002245,0.0,31.468781689450285,31.468781689450285,0.5,0.0,0,0.0,0.0,0.7417822094995363,73.8063850301313,0.69401342243839,0.056095499989169184,8.838879407280231e-05,{'optimal': 96},PASS,True,2.2538761999749113,1.2,0,0,0
2017-10-01,rainflow,heatwave_dr,41,{'cooling': 1.2},28.522430884418576,0.0,5.8588832820493905e-05,6.821167439684225e-07,2.9499051433437478,0.0,31.472336027762324,31.472336027762324,0.5,0.0,0,0.0,0.0,1.2760591733817115,74.44229829302854,0.6939716431349797,0.04623132500273641,8.185221479894977e-05,{'optimal': 96},PASS,True,1.8652378999977373,1.2,0,0,0
2017-10-01,scalar,heatwave_dr,41,{'cooling': 1.2},28.520895451248627,0.0,5.856236516813124e-05,6.344206654646248e-07,2.9471508783705005,0.0,31.468046329619128,31.468046329619128,0.5,0.0,0,0.0,0.0,1.269930944035856,73.79926308678486,0.6939711619265421,0.04539889999432489,9.187151529399529e-05,{'optimal': 96},PASS,True,2.047787999996217,1.2,0,0,0
2017-10-01,waveform,heatwave_dr,41,{'cooling': 1.2},28.522209124099362,0.0,5.8551343048394754e-05,6.330337598092018e-07,2.9465581652140136,0.0,31.468767289313377,31.468767289313377,0.5,0.0,0,0.0,0.0,1.0089363343369013,73.80401881604688,0.69401342243839,0.04893320000701351,8.841421203564792e-05,{'optimal': 96},PASS,True,2.225502500019502,1.2,0,0,0
2017-01-01,economic,heatwave_dr,41,{'cooling': 1.4},247.7636433960956,0.0,0.00013235435481994285,3.4425669066491514e-07,6.62804544171709,0.0,254.3916888378127,254.3916888378127,0.5,0.0,0,0.0,0.0,3.056780599397803,68.83104813710285,1.2333624256210467,0.009727649987326004,0.0,{'optimal': 96},PASS,True,0.6927999000181444,1.4,0,0,0
2017-01-01,full,heatwave_dr,41,{'cooling': 1.4},247.65864155139693,0.0014728148061884383,0.00012723289623068937,3.749554801633687e-07,6.372893475939369,0.0,254.0330078421425,254.0330078421425,0.5,0.0,0,0.0,0.0007364074030942191,1.2069185409928043,68.39629273547501,1.2000000000000002,0.020713649995741434,6.8986616303945425e-06,{'optimal': 96},PASS,True,1.4477165000280365,1.4,0,0,0
2017-01-01,full_mean,heatwave_dr,41,{'cooling': 1.4},247.65864155139693,0.0014728148061884383,0.00012723289623068937,3.749554801633687e-07,6.372893475939369,0.0,254.0330078421425,254.0330078421425,0.5,0.0,0,0.0,0.0007364074030942191,1.9216063267771544,68.39629273547501,1.2000000000000002,0.021223149997240398,6.8986616303945425e-06,{'optimal': 96},PASS,True,1.556895399990026,1.4,0,0,0
2017-01-01,rainflow,heatwave_dr,41,{'cooling': 1.4},247.65168078625663,0.0,0.00012723296139602628,3.4222823937321413e-07,6.371914916982511,0.0,254.02359570323915,254.02359570323915,0.5,0.0,0,0.0,0.0,2.999812093303543,68.80753195736041,1.200000436794151,0.01666537499113474,5.6791766147590295e-05,{'optimal': 96},PASS,True,1.2380444000009447,1.4,0,0,0
2017-01-01,scalar,heatwave_dr,41,{'cooling': 1.4},247.65967128435693,0.006053508465146962,0.00012723289623068937,3.6797731968026736e-07,6.372684131124876,0.0,254.03840892394697,254.03840892394697,0.5,0.0,0,0.0,0.003026754232573481,2.897532027668361,68.25661022696973,1.2,0.02043080001749331,7.442217309971966e-06,{'optimal': 96},PASS,True,1.411113700014539,1.4,0,0,0
2017-01-01,waveform,heatwave_dr,41,{'cooling': 1.4},247.65864155139693,0.0014728148061884383,0.00012723289623068937,3.749554801633687e-07,6.372893475939369,0.0,254.0330078421425,254.0330078421425,0.5,0.0,0,0.0,0.0007364074030942191,2.5735745700689514,68.39629273547501,1.2000000000000002,0.021885274989472236,6.8986616303945425e-06,{'optimal': 96},PASS,True,1.8277888000011444,1.4,0,0,0
2017-04-01,economic,heatwave_dr,41,{'cooling': 1.4},16.916990599966176,0.0,5.697731858514214e-05,3.6678749811322314e-06,2.958902178691074,0.0,19.87589277865725,19.87589277865725,0.5,0.0,0,0.0,0.0,2.0954183619673077,88.75054784401539,0.7034142013642575,0.009362975019030273,0.0,{'optimal': 96},PASS,True,0.8123018000042066,1.4,0,0,0
2017-04-01,full,heatwave_dr,41,{'cooling': 1.4},15.972805771460285,0.0,5.333362172601925e-05,2.202463157357885e-06,2.732754981021699,0.0,18.705560752481983,18.705560752481983,0.5,0.0,0,0.0,0.0,0.9193439254590181,88.11856140653158,0.6791696820651977,0.07455952500458807,9.377329290760628e-05,{'optimal': 96},PASS,True,2.5899471000011545,1.4,0,0,0
2017-04-01,full_mean,heatwave_dr,41,{'cooling': 1.4},15.973020839730818,0.0,5.333275268028875e-05,2.2023093103943114e-06,2.732706913326267,0.0,18.705727753057086,18.705727753057086,0.5,0.0,0,0.0,0.0,1.4327843901103514,88.11792316747764,0.6791696820651977,0.06231307501002448,9.378476530930158e-05,{'optimal': 96},PASS,True,2.5362862999900244,1.4,0,0,0
2017-04-01,rainflow,heatwave_dr,41,{'cooling': 1.4},15.47321819860256,0.0,5.3667119206519655e-05,1.5136517794262675e-06,2.7287655137087707,0.0,18.201983712311332,18.201983712311332,0.5,0.0,0,0.0,0.0,1.9824837467634178,84.79205588468959,0.7024052393963852,0.061689775000559166,7.376570861400422e-05,{'optimal': 96},PASS,True,2.3098266000160947,1.4,0,0,0
2017-04-01,scalar,heatwave_dr,41,{'cooling': 1.4},15.925799104314901,0.0,5.349159823572403e-05,2.2390026849932097e-06,2.7417499923359974,0.0,18.667549096650898,18.667549096650898,0.5,0.0,0,0.0,0.0,2.0448211198267647,88.25907517128793,0.6790141578392319,0.06560065001394833,9.810609139276893e-05,{'optimal': 96},PASS,True,2.6388039000157733,1.4,0,0,0
2017-04-01,waveform,heatwave_dr,41,{'cooling': 1.4},15.973055441947812,0.0,5.3332610930887656e-05,2.202284207708308e-06,2.732699072775632,0.0,18.705754514723445,18.705754514723445,0.5,0.0,0,0.0,0.0,1.9120674671801767,88.11781907076848,0.6791696820651976,0.06398839999019401,9.37866366181872e-05,{'optimal': 96},PASS,True,2.533254999987548,1.4,0,0,0
2017-07-01,economic,heatwave_dr,41,{'cooling': 1.4},0.17680225431948626,0.0,3.1180583387428545e-05,1.503244766292675e-07,1.5635389036703053,0.0,1.7403411579897916,1.7403411579897916,0.5,0.0,0,0.0,0.0,1.5120436538189788,73.6974106480058,0.419575132022816,0.008956224999565165,0.0,{'optimal': 96},PASS,True,0.6257174999918789,1.4,0,0,0
2017-07-01,full,heatwave_dr,41,{'cooling': 1.4},-0.754354658339679,0.0,2.928342698079281e-05,1.692817387051682e-07,1.4692498012007955,0.0,0.7148951428611166,0.7148951428611166,0.5,0.0,0,0.0,0.0,0.77652711559671,74.85346970904688,0.3963258055027728,0.08778627500578295,9.130387946906793e-05,{'optimal': 96},PASS,True,2.65387079998618,1.4,0,0,0
2017-07-01,full_mean,heatwave_dr,41,{'cooling': 1.4},-0.7543740378821981,0.0,2.928342685598013e-05,1.6927365775674465e-07,1.4692495525317086,0.0,0.7148755146495105,0.7148755146495105,0.5,0.0,0,0.0,0.0,1.04043649794247,74.85346967348653,0.39632579703118026,0.07400177500676364,9.130455516695446e-05,{'optimal': 96},PASS,True,2.6380634999950416,1.4,0,0,0
2017-07-01,rainflow,heatwave_dr,41,{'cooling': 1.4},0.1692011467437804,0.0,3.111239027737335e-05,1.7121172388364122e-07,1.5607558655851768,0.0,1.7299570123289572,1.7299570123289572,0.5,0.0,0,0.0,0.0,1.52725489445801,74.42149372212275,0.4152831466705703,0.06217557500349358,8.442808477324149e-05,{'optimal': 96},PASS,True,1.7784482999995816,1.4,0,0,0
2017-07-01,scalar,heatwave_dr,41,{'cooling': 1.4},-0.7632400246290139,0.0,2.9259100957465016e-05,1.6974039407776624e-07,1.4680472596955836,0.0,0.7048072350665697,0.7048072350665697,0.5,0.0,0,0.0,0.0,1.4962339533441873,74.84727927965804,0.3957225562189041,0.08544672499556327,6.389106456716753e-05,{'optimal': 96},PASS,True,2.4303477999928873,1.4,0,0,0
2017-07-01,waveform,heatwave_dr,41,{'cooling': 1.4},-0.7543050369769531,0.0,2.928342717772036e-05,1.6930257817186743e-07,1.469250436231174,0.0,0.714945399254221,0.714945399254221,0.5,0.0,0,0.0,0.0,1.4094571526808735,74.85346967639974,0.39632581886911605,0.07901689998834627,9.130281336933166e-05,{'optimal': 96},PASS,True,2.4173850000079256,1.4,0,0,0
2017-10-01,economic,heatwave_dr,41,{'cooling': 1.4},27.886063374154993,0.0,6.312489908359001e-05,5.003478646547276e-06,3.3063493135759185,0.0,31.19241268773091,31.19241268773091,0.5,0.0,0,0.0,0.0,2.2962393648558903,93.5703098493077,0.7162948435697123,0.009155449988611508,0.0,{'optimal': 96},PASS,True,0.6501532999973278,1.4,0,0,0
2017-10-01,full,heatwave_dr,41,{'cooling': 1.4},28.52000948368151,0.0,5.8551010144558095e-05,8.075984466230559e-07,2.9517784606265964,0.0,31.471787944308105,31.471787944308105,0.5,0.0,0,0.0,0.0,0.9673667379612875,75.87556488192928,0.6940135071706702,0.04052442499960307,9.146997399112067e-05,{'optimal': 96},PASS,True,2.0108469999977387,1.4,0,0,0
2017-10-01,full_mean,heatwave_dr,41,{'cooling': 1.4},28.52000944676901,0.0,5.8551009299329965e-05,8.075965719658641e-07,2.951778362125474,0.0,31.471787808894483,31.471787808894483,0.5,0.0,0,0.0,0.0,1.4610657227590989,75.87554379097149,0.6940135071706702,0.047953624998626765,9.146997399112067e-05,{'optimal': 96},PASS,True,2.0506520999770146,1.4,0,0,0
2017-10-01,rainflow,heatwave_dr,41,{'cooling': 1.4},28.522430884418576,0.0,5.8588832820493905e-05,8.630942642615499e-07,2.955334468952542,0.0,31.47776535337112,31.47776535337112,0.5,0.0,0,0.0,0.0,2.2051855657807096,76.53905247724845,0.6939716431349797,0.03863337500661146,8.185221479894977e-05,{'optimal': 96},PASS,True,1.7489566000003833,1.4,0,0,0
2017-10-01,scalar,heatwave_dr,41,{'cooling': 1.4},28.52087872158982,0.0,5.8561982024830896e-05,8.097686400507183e-07,2.9523921604430665,0.0,31.473270882032885,31.473270882032885,0.5,0.0,0,0.0,0.0,2.1923360433980488,75.86943474930477,0.6939711619265421,0.04529315000399947,9.187151529399529e-05,{'optimal': 96},PASS,True,2.2686673999996856,1.4,0,0,0
2017-10-01,waveform,heatwave_dr,41,{'cooling': 1.4},28.522192409347053,0.0,5.855096035966316e-05,8.074495034051104e-07,2.951771503085311,0.0,31.473963912432364,31.473963912432364,0.5,0.0,0,0.0,0.0,1.9634785609508132,75.87464321490395,0.69401342243839,0.04818752498249523,8.85141914430676e-05,{'optimal': 96},PASS,True,2.011094999994384,1.4,0,0,0
2017-01-01,economic,heatwave_dr,41,{'cooling': 1.6},247.7636433960956,0.0,0.00013235435481994285,6.201078474897498e-07,6.636320976421835,0.0,254.39996437251745,254.39996437251745,0.5,0.0,0,0.0,0.0,4.364476619359949,73.6905411873094,1.2333624256210467,0.00940342499234248,0.0,{'optimal': 96},PASS,True,0.6713472999981605,1.6,0,0,0
2017-01-01,full,heatwave_dr,41,{'cooling': 1.6},247.65864155139693,0.0014728148061884383,0.00012723289623068937,6.572418398435926e-07,6.381362066729776,0.0,254.04147643293288,254.04147643293288,0.5,0.0,0,0.0,0.0007364074030942191,1.6981577808885457,73.20158223744467,1.2000000000000002,0.020447150003747083,6.8986616303945425e-06,{'optimal': 96},PASS,True,1.4111512000090443,1.6,0,0,0
2017-01-01,full_mean,heatwave_dr,41,{'cooling': 1.6},247.65864155139693,0.0014728148061884383,0.00012723289623068937,6.572418398435926e-07,6.381362066729776,0.0,254.04147643293288,254.04147643293288,0.5,0.0,0,0.0,0.0007364074030942191,2.8662893023899856,73.20158223744467,1.2000000000000002,0.021098475008329842,6.8986616303945425e-06,{'optimal': 96},PASS,True,1.5142131999891717,1.6,0,0,0
2017-01-01,rainflow,heatwave_dr,41,{'cooling': 1.6},247.65168078625663,0.0,0.00012723296139602628,6.181165814228288e-07,6.380191567243998,0.0,254.03187235350063,254.03187235350063,0.5,0.0,0,0.0,0.0,4.282158042403348,73.67352414924376,1.200000436794151,0.019230175006669015,5.6791766147590295e-05,{'optimal': 96},PASS,True,1.2773853999970015,1.6,0,0,0
2017-01-01,scalar,heatwave_dr,41,{'cooling': 1.6},247.65967128435693,0.006053508465146962,0.00012723289623068937,6.447449088474682e-07,6.3809871587998925,0.0,254.04671195162197,254.04671195162197,0.5,0.0,0,0.0,0.003026754232573481,4.144197799419699,73.04423992461979,1.2,0.02043817500816658,7.442217309971966e-06,{'optimal': 96},PASS,True,1.473789100011345,1.6,0,0,0
2017-01-01,waveform,heatwave_dr,41,{'cooling': 1.6},247.65864155139693,0.0014728148061884383,0.00012723289623068937,6.572418398435926e-07,6.381362066729776,0.0,254.04147643293288,254.04147643293288,0.5,0.0,0,0.0,0.0007364074030942191,3.8322666805822756,73.20158223744467,1.2000000000000002,0.021501750001334585,6.8986616303945425e-06,{'optimal': 96},PASS,True,1.5782151000166778,1.6,0,0,0
2017-04-01,economic,heatwave_dr,41,{'cooling': 1.6},16.916990599966176,0.0,5.697731858514214e-05,4.6319227231853656e-06,2.987823610952668,0.0,19.904814210918843,19.904814210918843,0.5,0.0,0,0.0,0.0,3.0570703117938374,91.02883320083114,0.7034142013642575,0.009452074991713744,0.0,{'optimal': 96},PASS,True,0.6225941000157036,1.6,0,0,0
2017-04-01,full,heatwave_dr,41,{'cooling': 1.6},16.0044156841979,0.0,5.320653634797208e-05,3.1764545181992903e-06,2.755620452944583,0.0,18.760036137142485,18.760036137142485,0.5,0.0,0,0.0,0.0,1.2595622630810455,91.85161638047514,0.6791696820651976,0.06358864999492653,9.545706541791432e-05,{'optimal': 96},PASS,True,2.5152794999885373,1.6,0,0,0
2017-04-01,full_mean,heatwave_dr,41,{'cooling': 1.6},16.00414851130456,0.0,5.320760383717067e-05,3.1767743595205992e-06,2.7556834226441516,0.0,18.75983193394871,18.75983193394871,0.5,0.0,0,0.0,0.0,2.1267461960250524,91.85258889173568,0.6791696820651976,0.06593340000836179,9.544287016582942e-05,{'optimal': 96},PASS,True,2.7680088999914005,1.6,0,0,0
2017-04-01,rainflow,heatwave_dr,41,{'cooling': 1.6},15.47321819860256,0.0,5.3667119206519655e-05,2.1287000452560747e-06,2.747216961683665,0.0,18.220435160286225,18.220435160286225,0.5,0.0,0,0.0,0.0,2.8835664823393845,88.13314001178138,0.7024052393963852,0.0564883750048466,7.376570861400422e-05,{'optimal': 96},PASS,True,2.123011599993333,1.6,0,0,0
2017-04-01,scalar,heatwave_dr,41,{'cooling': 1.6},15.953949597680422,0.0,5.3376481960638796e-05,3.2371501415867723e-06,2.765938602279543,0.0,18.719888199959964,18.719888199959964,0.5,0.0,0,0.0,0.0,2.967633113360879,92.03474587457116,0.679014157839232,0.06263880000187783,9.170053627771679e-05,{'optimal': 96},PASS,True,2.7596137000073213,1.6,0,0,0
2017-04-01,waveform,heatwave_dr,41,{'cooling': 1.6},16.003476297737716,0.0,5.321029443945395e-05,3.177580870755705e-06,2.7558421480953688,0.0,18.759318445833085,18.759318445833085,0.5,0.0,0,0.0,0.0,2.8367087890451455,91.85504065056305,0.6791696820651976,0.06454247500369092,9.54070950549557e-05,{'optimal': 96},PASS,True,2.4573509999900125,1.6,0,0,0
2017-07-01,economic,heatwave_dr,41,{'cooling': 1.6},0.17680225431948626,0.0,3.1180583387428545e-05,2.0836586169665959e-07,1.565280145222327,0.0,1.7420823995418133,1.7420823995418133,0.5,0.0,0,0.0,0.0,2.210902705149702,75.9634244632275,0.419575132022816,0.00908397500461433,0.0,{'optimal': 96},PASS,True,0.6738733000238426,1.6,0,0,0
2017-07-01,full,heatwave_dr,41,{'cooling': 1.6},-0.7551411774061272,0.0,2.928355471776468e-05,2.3393322633800668e-07,1.4711957326783742,0.0,0.716054555272247,0.716054555272247,0.5,0.0,0,0.0,0.0,1.0095887749309902,77.1772176775801,0.3963344737827987,0.07981757500238018,9.03229553318452e-05,{'optimal': 96},PASS,True,2.4553273000055924,1.6,0,0,0
2017-07-01,full_mean,heatwave_dr,41,{'cooling': 1.6},-0.755202525605339,0.0,2.9283425905136433e-05,2.3391394035990356e-07,1.4711887134676187,0.0,0.7159861878622797,0.7159861878622797,0.5,0.0,0,0.0,0.0,1.5529205692790946,77.17709662969342,0.39632573249307007,0.09230504999868572,9.130970283616202e-05,{'optimal': 96},PASS,True,2.4923849000188056,1.6,0,0,0
2017-07-01,rainflow,heatwave_dr,41,{'cooling': 1.6},0.1692011467437804,0.0,3.111239027737335e-05,2.3141758745241072e-07,1.5625620414922399,0.0,1.7317631882360203,1.7317631882360203,0.5,0.0,0,0.0,0.0,2.2201475556850365,76.57841534756453,0.4152831466705703,0.0689747499927762,8.442808477324149e-05,{'optimal': 96},PASS,True,1.8250330000009853,1.6,0,0,0
2017-07-01,scalar,heatwave_dr,41,{'cooling': 1.6},-0.7633657308576371,0.0,2.9259100957465016e-05,2.3410920219689526e-07,1.4699783239391575,0.0,0.7066125930815204,0.7066125930815204,0.5,0.0,0,0.0,0.0,2.174457693979223,77.1681934645513,0.3957225562189041,0.09531932499521645,6.390032981418159e-05,{'optimal': 96},PASS,True,2.5107705000264104,1.6,0,0,0
2017-07-01,waveform,heatwave_dr,41,{'cooling': 1.6},-0.755017508915345,0.0,2.9283426392839745e-05,2.339844879448238e-07,1.471190854280332,0.0,0.716173345364987,0.716173345364987,0.5,0.0,0,0.0,0.0,2.0905905178332898,77.1770965307829,0.396325765595749,0.11057029999210499,9.130706249141363e-05,{'optimal': 96},PASS,True,2.752601299987873,1.6,0,0,0
2017-10-01,economic,heatwave_dr,41,{'cooling': 1.6},27.886063374154993,0.0,6.312489908359001e-05,6.076925595209267e-06,3.3385527220357782,0.0,31.224616096190772,31.224616096190772,0.5,0.0,0,0.0,0.0,3.2830928986721113,95.95052638354639,0.7162948435697123,0.008994975003588479,0.0,{'optimal': 96},PASS,True,0.6568378999945708,1.6,0,0,0
2017-10-01,full,heatwave_dr,41,{'cooling': 1.6},28.51998956618766,0.0,5.855055398575151e-05,1.0208120410650193e-06,2.958152060519526,0.0,31.47814162670719,31.47814162670719,0.5,0.0,0,0.0,0.0,1.3190321589490748,77.83668831298935,0.6940135071706702,0.04098122500727186,9.146997399112067e-05,{'optimal': 96},PASS,True,1.911421299999347,1.6,0,0,0
2017-10-01,full_mean,heatwave_dr,41,{'cooling': 1.6},28.51998902452231,0.0,5.855054157793121e-05,1.0207785708296559e-06,2.95815043602145,0.0,31.47813946054376,31.47813946054376,0.5,0.0,0,0.0,0.0,2.172083464232134,77.83637244778218,0.6940135071706702,0.039482325009885244,9.146997399112067e-05,{'optimal': 96},PASS,True,1.8290938999853097,1.6,0,0,0
2017-10-01,rainflow,heatwave_dr,41,{'cooling': 1.6},28.522430884418576,0.0,5.8588832820493905e-05,1.0830272248416938e-06,2.961932457769946,0.0,31.484363342188523,31.484363342188523,0.5,0.0,0,0.0,0.0,3.1423362172982015,78.52489204883057,0.6939716431349797,0.04519267498108093,8.185221479894977e-05,{'optimal': 96},PASS,True,1.8273189999745227,1.6,0,0,0
2017-10-01,scalar,heatwave_dr,41,{'cooling': 1.6},28.520861140809693,0.0,5.8561579260339575e-05,1.0242528003011265e-06,2.9588065470260125,0.0,31.479667687835704,31.479667687835704,0.5,0.0,0,0.0,0.0,3.123875123028514,77.83141784889105,0.6939711619265421,0.038606774985964876,9.187151529399529e-05,{'optimal': 96},PASS,True,1.8798502999998163,1.6,0,0,0
2017-10-01,waveform,heatwave_dr,41,{'cooling': 1.6},28.51999030322457,0.0,5.855057086870748e-05,1.0208575850353158e-06,2.9581542709864337,0.0,31.478144574211004,31.478144574211004,0.5,0.0,0,0.0,0.0,2.9061512284639734,77.8371181032959,0.6940135071706702,0.04321732500102371,9.146997399112067e-05,{'optimal': 96},PASS,True,1.8300558000046294,1.6,0,0,0
2017-01-01,economic,heatwave_dr,41,{'cooling': 1.8},247.7636433960956,0.0,0.00013235435481994285,1.0568823310004374e-06,6.6494242109271555,0.0,254.41306760702275,254.41306760702275,0.5,0.0,0,0.0,0.0,5.666264452785357,78.49587117278291,1.2333624256210467,0.009076200003619306,0.0,{'optimal': 96},PASS,True,0.6502409999957308,1.8,0,0,0
2017-01-01,full,heatwave_dr,41,{'cooling': 1.8},247.65864155139693,0.0014728148061884383,0.00012723289623068937,1.0884342416898612e-06,6.394297838785164,0.0,254.0544122049883,254.0544122049883,0.5,0.0,0,0.0,0.0007364074030942191,2.200581778070508,77.89830821644722,1.2000000000000002,0.021316899990779348,6.8986616303945425e-06,{'optimal': 96},PASS,True,1.5207028000149876,1.8,0,0,0
2017-01-01,full_mean,heatwave_dr,41,{'cooling': 1.8},247.65864155139693,0.0014728148061884383,0.00012723289623068937,1.0884342416898612e-06,6.394297838785164,0.0,254.0544122049883,254.0544122049883,0.5,0.0,0,0.0,0.0007364074030942191,3.801764198545248,77.89830821644722,1.2000000000000002,0.020316900008765515,6.8986616303945425e-06,{'optimal': 96},PASS,True,1.4278422000061255,1.8,0,0,0
2017-01-01,rainflow,heatwave_dr,41,{'cooling': 1.8},247.65168078625663,0.0,0.00012723296139602628,1.0523383090330555e-06,6.393218219072305,0.0,254.04489900532894,254.04489900532894,0.5,0.0,0,0.0,0.0,5.557848866352866,78.4616048827033,1.200000436794151,0.020897549991786946,5.6791766147590295e-05,{'optimal': 96},PASS,True,1.2748633000010159,1.8,0,0,0
2017-01-01,scalar,heatwave_dr,41,{'cooling': 1.8},247.65967128435693,0.006053508465146962,0.00012723289623068937,1.0681932436099977e-06,6.393690608842768,0.0,254.05941540166486,254.05941540166486,0.5,0.0,0,0.0,0.003026754232573481,5.384274932309808,77.73164076783954,1.2,0.020869850013696123,7.442217309971966e-06,{'optimal': 96},PASS,True,1.5120293999789283,1.8,0,0,0
2017-01-01,waveform,heatwave_dr,41,{'cooling': 1.8},247.65864155139693,0.0014728148061884383,0.00012723289623068937,1.0884342416898612e-06,6.394297838785164,0.0,254.0544122049883,254.0544122049883,0.5,0.0,0,0.0,0.0007364074030942191,5.0797397296527445,77.89830821644722,1.2000000000000002,0.019223375005822163,6.8986616303945425e-06,{'optimal': 96},PASS,True,1.3876097000029404,1.8,0,0,0
2017-04-01,economic,heatwave_dr,41,{'cooling': 1.8},16.916990599966176,0.0,5.697731858514214e-05,5.639295965944485e-06,3.018044808235442,0.0,19.935035408201617,19.935035408201617,0.5,0.0,0,0.0,0.0,4.008012803485348,93.10434206321443,0.7034142013642575,0.009354375004477333,0.0,{'optimal': 96},PASS,True,0.8237803999800235,1.8,0,0,0
2017-04-01,full,heatwave_dr,41,{'cooling': 1.8},16.00766906099439,0.0,5.319350162917734e-05,4.373955743232596e-06,2.790893753755845,0.0,18.798562814750237,18.798562814750237,0.5,0.0,0,0.0,0.0,1.6167687921560827,95.30798312009745,0.6791696820651976,0.057245349991717376,9.563047057747909e-05,{'optimal': 96},PASS,True,2.4508265999902505,1.8,0,0,0
2017-04-01,full_mean,heatwave_dr,41,{'cooling': 1.8},16.00937877862181,0.0,5.318667318913552e-05,4.370746354090515e-06,2.7904560500794915,0.0,18.7998348287013,18.7998348287013,0.5,0.0,0,0.0,0.0,2.811929182780437,95.30055582595766,0.6791696820651978,0.06930167500831885,9.572136494728767e-05,{'optimal': 96},PASS,True,2.5996414000110235,1.8,0,0,0
2017-04-01,rainflow,heatwave_dr,41,{'cooling': 1.8},15.47321819860256,0.0,5.3667119206519655e-05,2.8593361398652245e-06,2.7691360445219395,0.0,18.2423542431245,18.2423542431245,0.5,0.0,0,0.0,0.0,3.7768551988128882,91.19721125678015,0.7024052393963852,0.053723174998594914,7.376570861400422e-05,{'optimal': 96},PASS,True,2.3284055000112858,1.8,0,0,0
2017-04-01,scalar,heatwave_dr,41,{'cooling': 1.8},15.956201875696042,0.0,5.336730229057193e-05,4.470376048437144e-06,2.802476395981711,0.0,18.758678271677752,18.758678271677752,0.5,0.0,0,0.0,0.0,3.8818473713819546,95.52914592078471,0.6790141578392319,0.07937827498972183,9.166460482248895e-05,{'optimal': 96},PASS,True,2.7315321000060067,1.8,0,0,0
2017-04-01,waveform,heatwave_dr,41,{'cooling': 1.8},16.00666100371294,0.0,5.319753382414127e-05,4.375853204679866e-06,2.791152287347459,0.0,18.797813291060397,18.797813291060397,0.5,0.0,0,0.0,0.0,3.751074715173178,95.31237178889714,0.6791696820651976,0.06734799999685492,9.557681469329893e-05,{'optimal': 96},PASS,True,2.6139702000073157,1.8,0,0,0
2017-07-01,economic,heatwave_dr,41,{'cooling': 1.8},0.17680225431948626,0.0,3.1180583387428545e-05,2.7934749567771735e-07,1.5674095942417587,0.0,1.744211848561245,1.744211848561245,0.5,0.0,0,0.0,0.0,2.908387852560946,78.11979713730244,0.419575132022816,0.009206949995132163,0.0,{'optimal': 96},PASS,True,0.5930062999832444,1.8,0,0,0
2017-07-01,full,heatwave_dr,41,{'cooling': 1.8},-0.7558892598177458,0.0,2.928355387404991e-05,3.118419675005844e-07,1.473532952727513,0.0,0.7176436929097672,0.7176436929097672,0.5,0.0,0,0.0,0.0,1.2624042338273627,79.35651262966319,0.3963344165397659,0.0778305999992881,9.032749036275156e-05,{'optimal': 96},PASS,True,2.4356968000065535,1.8,0,0,0
2017-07-01,full_mean,heatwave_dr,41,{'cooling': 1.8},-0.7559683782426245,0.0,2.9283425000937106e-05,3.1181498198921336e-07,1.4735256995065318,0.0,0.7175573212639073,0.7175573212639073,0.5,0.0,0,0.0,0.0,2.0606636920738914,79.35634588045819,0.39632567112074185,0.10002180001902161,9.131459813421783e-05,{'optimal': 96},PASS,True,2.8868652999808546,1.8,0,0,0
2017-07-01,rainflow,heatwave_dr,41,{'cooling': 1.8},0.1692011467437804,0.0,3.111239027737335e-05,3.025866163804213e-07,1.5646971123600801,0.0,1.7338982591038605,1.7338982591038605,0.5,0.0,0,0.0,0.0,2.911498477900066,78.6087305242742,0.4152831466705703,0.06215979998523835,8.442808477324149e-05,{'optimal': 96},PASS,True,1.7863573000067845,1.8,0,0,0
2017-07-01,scalar,heatwave_dr,41,{'cooling': 1.8},-0.7641527692700247,0.0,2.9259100957465016e-05,3.149583197038014e-07,1.4724037974643647,0.0,0.7082510281943399,0.7082510281943399,0.5,0.0,0,0.0,0.0,2.852577859235932,79.34453302371934,0.3957225562189041,0.08299067501502577,6.390915929260776e-05,{'optimal': 96},PASS,True,2.665786700003082,1.8,0,0,0
2017-07-01,waveform,heatwave_dr,41,{'cooling': 1.8},-0.7556571916182802,0.0,2.9283554317149396e-05,3.1192204665867385e-07,1.47353537725723,0.0,0.7178781856389498,0.7178781856389498,0.5,0.0,0,0.0,0.0,2.7672491834156085,79.35651242779348,0.39633444660250255,0.09226254998793593,9.032510865356058e-05,{'optimal': 96},PASS,True,2.8369937999814283,1.8,0,0,0
2017-10-01,economic,heatwave_dr,41,{'cooling': 1.8},27.886063374154993,0.0,6.312489908359001e-05,7.258400109602294e-06,3.3739969574675692,0.0,31.26006033162256,31.26006033162256,0.5,0.0,0,0.0,0.0,4.264337998018085,98.2136809346502,0.7162948435697123,0.009341100012534298,0.0,{'optimal': 96},PASS,True,0.6927994999859948,1.8,0,0,0
2017-10-01,full,heatwave_dr,41,{'cooling': 1.8},28.522153276123102,0.0,5.855006392611039e-05,1.2652488770424755e-06,2.9654606626167936,0.0,31.487613938739898,31.487613938739898,0.5,0.0,0,0.0,0.0,1.6885845011616418,79.73718952617995,0.69401342243839,0.04283217500051251,8.874862331742506e-05,{'optimal': 96},PASS,True,2.1637422000057995,1.8,0,0,0
2017-10-01,full_mean,heatwave_dr,41,{'cooling': 1.8},28.522152199363713,0.0,5.8550039251260316e-05,1.26516921587173e-06,2.9654570390391677,0.0,31.487609238402882,31.487609238402882,0.5,0.0,0,0.0,0.0,2.8799813598766666,79.73655135856205,0.6940134224383899,0.03925070000695996,8.875508082750727e-05,{'optimal': 96},PASS,True,2.0510099999955855,1.8,0,0,0
2017-10-01,rainflow,heatwave_dr,41,{'cooling': 1.8},28.522430884418576,0.0,5.8588832820493905e-05,1.3340825078444815e-06,2.96946411626003,0.0,31.491895000678607,31.491895000678607,0.5,0.0,0,0.0,0.0,4.075511180610944,80.44838772613322,0.6939716431349797,0.041322124998259824,8.185221479894977e-05,{'optimal': 96},PASS,True,1.727868000016315,1.8,0,0,0
2017-10-01,scalar,heatwave_dr,41,{'cooling': 1.8},28.520842780066005,0.0,5.856115848634712e-05,1.270203095516862e-06,2.966164017182862,0.0,31.487006797248867,31.487006797248867,0.5,0.0,0,0.0,0.0,4.052427201183211,79.73287316068104,0.6939711619265422,0.047083375007787254,9.187151529399529e-05,{'optimal': 96},PASS,True,2.0757977000030223,1.8,0,0,0
2017-10-01,waveform,heatwave_dr,41,{'cooling': 1.8},28.522156499270586,0.0,5.855013778428001e-05,1.2654873583322507e-06,2.965471509963968,0.0,31.487628009234555,31.487628009234555,0.5,0.0,0,0.0,0.0,3.8493414653360363,79.73909975307217,0.69401342243839,0.05231265000475105,8.87292958133834e-05,{'optimal': 96},PASS,True,2.1355588999867905,1.8,0,0,0
2017-01-01,economic,heatwave_dr,41,{'cooling': 2.0},247.7636433960956,0.0,0.00013235435481994285,1.7183940830719245e-06,6.6692695634893004,0.0,254.4329129595849,254.4329129595849,0.5,0.0,0,0.0,0.0,6.959089077792767,83.23736095677293,1.2333624256210467,0.00950137498875847,0.0,{'optimal': 96},PASS,True,0.6848157999920659,2.0,0,0,0
2017-01-01,full,heatwave_dr,41,{'cooling': 2.0},247.65864155139693,0.0014728148061884383,0.00012723289623068937,1.719149500655623e-06,6.413219296554137,0.0,254.07333366275725,254.07333366275725,0.5,0.0,0,0.0,0.0007364074030942191,2.705101051335347,82.4812081150189,1.2000000000000002,0.020838450000155717,6.8986616303945425e-06,{'optimal': 96},PASS,True,1.4953517999965698,2.0,0,0,0
2017-01-01,full_mean,heatwave_dr,41,{'cooling': 2.0},247.65864155139693,0.0014728148061884383,0.00012723289623068937,1.719149500655623e-06,6.413219296554137,0.0,254.07333366275725,254.07333366275725,0.5,0.0,0,0.0,0.0007364074030942191,4.728355907600789,82.4812081150189,1.2000000000000002,0.020012874992971774,6.8986616303945425e-06,{'optimal': 96},PASS,True,1.4326614000019617,2.0,0,0,0
2017-01-01,rainflow,heatwave_dr,41,{'cooling': 2.0},247.65168078625663,0.0,0.00012723296139602628,1.7005567406332599e-06,6.412664772020312,0.0,254.06434555827695,254.06434555827695,0.5,0.0,0,0.0,0.0,6.8240149403878165,83.13714293134072,1.200000436794151,0.01853442499123048,5.6791766147590295e-05,{'optimal': 96},PASS,True,1.2754825000010896,2.0,0,0,0
2017-01-01,scalar,heatwave_dr,41,{'cooling': 2.0},247.65967128435693,0.006053508465146962,0.00012723289623068937,1.6878710668335705e-06,6.412280943539475,0.0,254.07800573636158,254.07800573636158,0.5,0.0,0,0.0,0.003026754232573481,6.614979776486257,82.30627664223681,1.2,0.0217232499999227,7.442217309971966e-06,{'optimal': 96},PASS,True,1.4964385999774095,2.0,0,0,0
2017-01-01,waveform,heatwave_dr,41,{'cooling': 2.0},247.65864155139693,0.0014728148061884383,0.00012723289623068937,1.719149500655623e-06,6.413219296554137,0.0,254.07333366275725,254.07333366275725,0.5,0.0,0,0.0,0.0007364074030942191,6.315884844266052,82.4812081150189,1.2000000000000002,0.021131649991730228,6.8986616303945425e-06,{'optimal': 96},PASS,True,1.5661354000039864,2.0,0,0,0
2017-04-01,economic,heatwave_dr,41,{'cooling': 2.0},16.916990599966176,0.0,5.697731858514214e-05,6.67404777574545e-06,3.0490873625294705,0.0,19.966077962495646,19.966077962495646,0.5,0.0,0,0.0,0.0,4.947909997878745,95.02184745394764,0.7034142013642575,0.009704575008072425,0.0,{'optimal': 96},PASS,True,0.8301074000191875,2.0,0,0,0
2017-04-01,full,heatwave_dr,41,{'cooling': 2.0},16.005206105811425,0.0,5.320330700772454e-05,5.787562250307317e-06,2.8337922178954464,0.0,18.83899832370687,18.83899832370687,0.5,0.0,0,0.0,0.0,1.9792281365209237,98.49569939546005,0.6791696820651978,0.05862289998185588,9.550001395863816e-05,{'optimal': 96},PASS,True,2.686820800008718,2.0,0,0,0
2017-04-01,full_mean,heatwave_dr,41,{'cooling': 2.0},16.00528982525514,0.0,5.3202969835373594e-05,5.787329302177973e-06,2.8337683708340187,0.0,18.83905819608916,18.83905819608916,0.5,0.0,0,0.0,0.0,3.489317207042155,98.49527537171105,0.6791696820651976,0.06246307500259718,9.550449864681454e-05,{'optimal': 96},PASS,True,2.4632594999857247,2.0,0,0,0
2017-04-01,rainflow,heatwave_dr,41,{'cooling': 2.0},15.47321819860256,0.0,5.3667119206519655e-05,3.7074624559261835e-06,2.7945798340037684,0.0,18.26779803260633,18.26779803260633,0.5,0.0,0,0.0,0.0,4.662129248651503,94.03503292406421,0.7024052393963852,0.05600177501037251,7.376570861400422e-05,{'optimal': 96},PASS,True,2.1283340999798384,2.0,0,0,0
2017-04-01,scalar,heatwave_dr,41,{'cooling': 2.0},15.988457130837947,0.0,5.3237133142343334e-05,5.841139970226424e-06,2.837090856223959,0.0,18.825547987061906,18.825547987061906,0.5,0.0,0,0.0,0.0,4.7822398567873075,98.57122191855869,0.6790141578392319,0.057343999986187555,9.864535539683139e-05,{'optimal': 96},PASS,True,2.4858684000209905,2.0,0,0,0
2017-04-01,waveform,heatwave_dr,41,{'cooling': 2.0},16.00821187354631,0.0,5.319130732986179e-05,5.779283430676482e-06,2.8329438694133837,0.0,18.841155742959693,18.841155742959693,0.5,0.0,0,0.0,0.0,4.654673568886448,98.48061924899207,0.6791696820651976,0.055133900001237635,9.945634241113888e-05,{'optimal': 96},PASS,True,2.3634257999947295,2.0,0,0,0
2017-07-01,economic,heatwave_dr,41,{'cooling': 2.0},0.17680225431948626,0.0,3.1180583387428545e-05,3.6451022024723397e-07,1.5699644759788443,0.0,1.7467667302983305,1.7467667302983305,0.5,0.0,0,0.0,0.0,3.6024330605556294,80.18282540094457,0.419575132022816,0.008875525003531948,0.0,{'optimal': 96},PASS,True,0.6343839999753982,2.0,0,0,0
2017-07-01,full,heatwave_dr,41,{'cooling': 2.0},-0.7565985209376045,0.0,2.9283424344943204e-05,4.038038855343195e-07,1.4762853338131898,0.0,0.7196868128755853,0.7196868128755853,0.5,0.0,0,0.0,0.0,1.5236923788095609,81.41333665037372,0.39632562659518905,0.08412735001184046,9.13181497508575e-05,{'optimal': 96},PASS,True,2.4552617000008468,2.0,0,0,0
2017-07-01,full_mean,heatwave_dr,41,{'cooling': 2.0},-0.7566489347511687,0.0,2.9283552860696562e-05,4.037954775474559e-07,1.4762915073612517,0.0,0.719642572610083,0.719642572610083,0.5,0.0,0,0.0,0.0,2.563882167108827,81.4135523624381,0.3963343477871549,0.0929995750047965,9.03329373831141e-05,{'optimal': 96},PASS,True,2.7423261999792885,2.0,0,0,0
2017-07-01,rainflow,heatwave_dr,41,{'cooling': 2.0},0.1692011467437804,0.0,3.111239027737335e-05,3.851530876046607e-07,1.5671741064968072,0.0,1.7363752532405876,1.7363752532405876,0.5,0.0,0,0.0,0.0,3.5992740870189954,80.53078717307487,0.4152831466705703,0.06563074999576202,8.442808477324149e-05,{'optimal': 96},PASS,True,1.8716541999892797,2.0,0,0,0
2017-07-01,scalar,heatwave_dr,41,{'cooling': 2.0},-0.763365714825224,0.0,2.925910095746502e-05,4.0401432486110644e-07,1.4750754776190842,0.0,0.7117097627938602,0.7117097627938602,0.5,0.0,0,0.0,0.0,3.5235258566158856,81.3985017643393,0.39572255621890423,0.09319627500372007,6.338420736604067e-05,{'optimal': 96},PASS,True,2.6886406000121497,2.0,0,0,0
2017-07-01,waveform,heatwave_dr,41,{'cooling': 2.0},-0.756290588471813,0.0,2.9283424925804474e-05,4.038990312302854e-07,1.4762882172271323,0.0,0.7199976287553194,0.7199976287553194,0.5,0.0,0,0.0,0.0,3.438610309764454,81.41333651230288,0.3963256660211231,0.08751604999997653,9.131500490602851e-05,{'optimal': 96},PASS,True,2.63868440000806,2.0,0,0,0
2017-10-01,economic,heatwave_dr,41,{'cooling': 2.0},27.886063374154993,0.0,6.312489908359001e-05,8.571803881966988e-06,3.4133990706385102,0.0,31.299462444793505,31.299462444793505,0.5,0.0,0,0.0,0.0,5.238613997207092,100.40548056802002,0.7162948435697123,0.00926804999471642,0.0,{'optimal': 96},PASS,True,0.6209777999902144,2.0,0,0,0
2017-10-01,full,heatwave_dr,41,{'cooling': 2.0},28.521822018831983,0.0,5.854962214985416e-05,1.524988826372907e-06,2.9732307722838955,0.0,31.495052791115878,31.495052791115878,0.5,0.0,0,0.0,0.0,2.0613684840697273,81.4759515509518,0.69401342243839,0.039188824986922555,8.886427560472754e-05,{'optimal': 96},PASS,True,1.782475699990755,2.0,0,0,0
2017-10-01,full_mean,heatwave_dr,41,{'cooling': 2.0},28.521747031952096,0.0,5.8549597548213524e-05,1.5200811700220527e-06,2.9730823125113375,0.0,31.494829344463433,31.494829344463433,0.5,0.0,0,0.0,0.0,3.577011852095175,81.44390898348857,0.69401342243839,0.0457025750001776,8.887071839280836e-05,{'optimal': 96},PASS,True,1.9673636000079568,2.0,0,0,0
2017-10-01,rainflow,heatwave_dr,41,{'cooling': 2.0},28.522430884418576,0.0,5.8588832820493905e-05,1.6211422651019365e-06,2.9780759089777535,0.0,31.50050679339633,31.50050679339633,0.5,0.0,0,0.0,0.0,5.002936941667222,82.33997738298092,0.6939716431349797,0.03677052501006983,8.185221479894977e-05,{'optimal': 96},PASS,True,1.5693397000140976,2.0,0,0,0
2017-10-01,scalar,heatwave_dr,41,{'cooling': 2.0},28.52082369744712,0.0,5.856072101623391e-05,1.551792462234053e-06,2.974589824678717,0.0,31.495413522125837,31.495413522125837,0.5,0.0,0,0.0,0.0,4.97606803655114,81.60364557573456,0.693971161926542,0.04156040000816574,9.187151529399529e-05,{'optimal': 96},PASS,True,2.0665243999974336,2.0,0,0,0
2017-10-01,waveform,heatwave_dr,41,{'cooling': 2.0},28.52213743394872,0.0,5.854970083912712e-05,1.5457417803159537e-06,2.9738572953658347,0.0,31.495994729314557,31.495994729314557,0.5,0.0,0,0.0,0.0,4.780437254918258,81.61039138196107,0.69401342243839,0.048963699991873,8.884366976502633e-05,{'optimal': 96},PASS,True,2.0098469000076875,2.0,0,0,0
