date,regime,mode,total_cost_USD,energy_adjusted_cost_USD,operating_cost_USD,DR_cost_USD,wear_cost_USD,battery_wear,converter_wear,Tj_peak_C,Tj_RMSE_C,FEC,thermal_exceedance_hours,DR_shortfall_kWh,terminal_SOC,terminal_correction_USD,solver_p95_seconds,max_rainflow_gap_USD,seeds,numerical_pass_seeds,terminal_service_seeds
2017-01-01,heatwave_dr,economic,254.3846056286653,254.3846056286653,247.7636433960956,0.0,6.620962232569685,0.00013235435481994285,1.0814971908473565e-07,59.43677499909283,0.6228871872879984,1.2333624256210467,0.0,0.0,0.5,0.0,0.006841824993898626,0.0,2,2,2
2017-01-01,heatwave_dr,full,254.02560276225148,254.02560276225148,247.6588697572492,0.0017346903972139671,6.364998314605051,0.00012723289623068937,1.1178343568611996e-07,58.71047554310488,0.5174322803270001,1.2000000000000002,0.0,0.0008673451986069836,0.5,0.0,0.021839812496182276,6.859145874393846e-06,2,2,2
2017-01-01,heatwave_dr,full_mean,254.02560276225148,254.02560276225148,247.6588697572492,0.0017346903972139671,6.364998314605051,0.00012723289623068937,1.1178343568611996e-07,58.71047554310488,0.07085254207458581,1.2000000000000002,0.0,0.0008673451986069836,0.5,0.0,0.02258863750830642,6.859145874393846e-06,2,2,2
2017-01-01,heatwave_dr,infrared,254.0306616056711,254.0306616056711,247.65967128435693,0.006053508465146962,6.364936812849005,0.00012723289623068937,1.0973337715123311e-07,58.598763016753196,0.5796853822804698,1.2,0.0,0.003026754232573481,0.5,0.0,0.022037499995349208,7.442217309971966e-06,2,2,2
2017-01-01,heatwave_dr,oracle,254.02708849095387,254.02708849095387,247.66079128112688,0.0012986967350379075,6.3649985130919555,0.00012723289623068937,1.1179005191624679e-07,58.71170067245757,0.0,1.2000000000000002,0.0,0.0006493483675189538,0.5,0.0,0.021379649992013583,6.718721184739707e-06,2,2,2
2017-01-01,heatwave_dr,rainflow,254.01644203077842,254.01644203077842,247.65168078625663,0.0,6.364761244521777,0.00012723296139602628,1.0377249068208331e-07,59.43310885760991,0.5990000081211091,1.200000436794151,0.0,0.0,0.5,0.0,0.01571607499863603,5.6791766147590295e-05,2,2,2
2017-01-01,heatwave_dr,scalar,254.0306616056711,254.0306616056711,247.65967128435693,0.006053508465146962,6.364936812849005,0.00012723289623068937,1.0973337715123311e-07,58.598763016753196,0.5950320227046038,1.2,0.0,0.003026754232573481,0.5,0.0,0.021617875005176757,7.442217309971966e-06,2,2,2
2017-01-01,heatwave_dr,waveform,254.02560276225148,254.02560276225148,247.6588697572492,0.0017346903972139671,6.364998314605051,0.00012723289623068937,1.1178343568611996e-07,58.71047554310488,0.19563609261219966,1.2000000000000002,0.0,0.0008673451986069836,0.5,0.0,0.02194168750065728,6.859145874393846e-06,2,2,2
2017-01-01,ordinary,economic,254.3862785645755,254.3862785645755,247.76592854809516,0.0,6.620350016480316,0.00013235435481994285,8.774251610578871e-08,49.45650817143052,0.6142089483780548,1.2333624256210465,0.0,0.0,0.5,0.0,0.006945800010726089,0.0,2,2,2
2017-01-01,ordinary,full,254.01732124888625,254.01732124888625,247.65307148931743,0.0,6.364249759568818,0.00012723289623068937,8.683160114498915e-08,48.69910619074191,0.5171568937934822,1.2000000000000002,0.0,0.0,0.5,0.0,0.02239298749191221,8.881784197001252e-16,2,2,2
2017-01-01,ordinary,full_mean,254.01732124888625,254.01732124888625,247.65307148931743,0.0,6.364249759568818,0.00012723289623068937,8.683160114498915e-08,48.69910619074191,0.0708554129465466,1.2000000000000002,0.0,0.0,0.5,0.0,0.024220912495366065,8.881784197001252e-16,2,2,2
2017-01-01,ordinary,infrared,254.01931136428252,254.01931136428252,247.65510856912906,0.0,6.364202795153448,0.00012723289623068937,8.526612063265974e-08,48.589641608728186,0.5819030207938521,1.2,0.0,0.0,0.5,0.0,0.020057650006492622,8.881784197001252e-16,2,2,2
2017-01-01,ordinary,oracle,254.01701438199856,254.01701438199856,247.65276365212844,0.0,6.36425072987011,0.00012723289623068937,8.686394452140034e-08,48.701604028122425,0.0,1.2,0.0,0.0,0.5,0.0,0.024737962496146793,8.881784197001252e-16,2,2,2
2017-01-01,ordinary,rainflow,254.0211405166876,254.0211405166876,247.6570243505234,0.0,6.364116166164217,0.00012723296139602628,8.226987876342098e-08,49.45837464298287,0.5826868439678243,1.200000436794151,0.0,0.0,0.5,0.0,0.016313674997945782,8.366763573430802e-05,2,2,2
2017-01-01,ordinary,scalar,254.01931136428252,254.01931136428252,247.65510856912906,0.0,6.364202795153448,0.00012723289623068937,8.526612063265974e-08,48.589641608728186,0.5989330642872012,1.2,0.0,0.0,0.5,0.0,0.02105823749297997,8.881784197001252e-16,2,2,2
2017-01-01,ordinary,waveform,254.01732124888625,254.01732124888625,247.65307148931743,0.0,6.364249759568818,0.00012723289623068937,8.683160114498915e-08,48.69910619074191,0.19579843499882163,1.2000000000000002,0.0,0.0,0.5,0.0,0.021791799998027273,8.881784197001252e-16,2,2,2
2017-02-01,heatwave_dr,economic,246.4132036540536,246.4132036540536,240.2021934074295,0.0,6.211010246624124,0.00012419627687634268,3.988009356632532e-08,56.09738837557006,0.5192684804966378,1.184340617263648,0.0,0.0,0.5,0.0,0.01016597500347416,0.0,2,2,2
2017-02-01,heatwave_dr,full,246.55379699817274,246.55379699817274,240.4165574022255,0.0,6.137239595947235,0.00012258028861229255,2.741721777535468e-07,66.24174357123184,0.5184281324073471,1.1758817860954447,0.0,0.0,0.5,0.0,0.02900364999732119,1.1337467830774273e-05,2,2,2
2017-02-01,heatwave_dr,full_mean,246.55379699817274,246.55379699817274,240.4165574022255,0.0,6.137239595947235,0.00012258028861229255,2.741721777535468e-07,66.24174357123184,0.06630026203318945,1.1758817860954447,0.0,0.0,0.5,0.0,0.02663161250166013,1.1337467773486765e-05,2,2,2
2017-02-01,heatwave_dr,infrared,246.5459922668105,246.5459922668105,240.41704660824746,0.0,6.12894565856302,0.00012241583459306448,2.717976303265238e-07,66.18800179670194,0.5857509107336785,1.175015894155265,0.0,0.0,0.5,0.0,0.02865487500821473,2.239138785498085e-07,2,2,2
2017-02-01,heatwave_dr,oracle,246.55520462120612,246.55520462120612,240.4176636936316,0.0,6.1375409275745145,0.00012258644188577363,2.739611095277831e-07,66.23567897744766,0.0,1.1759141668661202,0.0,0.0,0.5,0.0,0.028830537503381493,1.1338964373663885e-05,2,2,2
2017-02-01,heatwave_dr,rainflow,246.4143640030155,246.4143640030155,240.203353664397,0.0,6.211010338618471,0.00012419627687634268,3.9883160044558696e-08,56.05639181947872,0.5203893778188324,1.184340617263648,0.0,0.0,0.5,0.0,0.019402987498324364,2.5679677406742485e-07,2,2,2
2017-02-01,heatwave_dr,scalar,246.5459922668105,246.5459922668105,240.41704660824746,0.0,6.12894565856302,0.00012241583459306448,2.717976303265238e-07,66.18800179670194,0.5462272401077877,1.175015894155265,0.0,0.0,0.5,0.0,0.02688113749900367,2.239138785498085e-07,2,2,2
2017-02-01,heatwave_dr,waveform,246.55379699817274,246.55379699817274,240.4165574022255,0.0,6.137239595947235,0.00012258028861229255,2.741721777535468e-07,66.24174357123184,0.19575570600740425,1.1758817860954447,0.0,0.0,0.5,0.0,0.02974373750112136,1.1337467424432646e-05,2,2,2
2017-02-01,ordinary,economic,246.29547493451633,246.29547493451633,239.96564724117445,0.0,6.329827693341889,0.00012657575332810823,3.4667564549252185e-08,46.64864255097428,0.5265957500666916,1.196636535630995,0.0,0.0,0.5,0.0,0.008229937498981599,0.0,2,2,2
2017-02-01,ordinary,full,246.3489078952506,246.3489078952506,240.00530453794792,0.0,6.343603357302683,0.00012674211831651484,2.1658138256469673e-07,56.241738690516385,0.5182632864351029,1.197489341241245,0.0,0.0,0.5,0.0,0.028453825005271938,2.239138785498085e-07,2,2,2
2017-02-01,ordinary,full_mean,246.3489078952506,246.3489078952506,240.00530453794792,0.0,6.343603357302683,0.00012674211831651484,2.1658138256469673e-07,56.241738690516385,0.06704461636291312,1.197489341241245,0.0,0.0,0.5,0.0,0.025295375005953247,2.239138785498085e-07,2,2,2
2017-02-01,ordinary,infrared,246.454276211562,246.454276211562,240.23806999733108,0.0,6.2162062142309225,0.00012419627687634268,2.130790137929623e-07,56.193032710646506,0.5863496991050607,1.184340617263648,0.0,0.0,0.5,0.0,0.02807628748996649,2.239138785498085e-07,2,2,2
2017-02-01,ordinary,oracle,246.35021346845895,246.35021346845895,240.00630366229933,0.0,6.343909806159603,0.00012674835509781144,2.1640170896769976e-07,56.23567897744767,0.0,1.1975212951067775,0.0,0.0,0.5,0.0,0.028704724994895514,2.239138785498085e-07,2,2,2
2017-02-01,ordinary,rainflow,246.29736048116212,246.29736048116212,239.9675247312903,0.0,6.3298357498718305,0.00012657575332810823,3.493611554733099e-08,46.64731560257572,0.5268281149797419,1.1966365356309947,0.0,0.0,0.5,0.0,0.031017825000162702,2.5679677406742485e-07,2,2,2
2017-02-01,ordinary,scalar,246.454276211562,246.454276211562,240.23806999733108,0.0,6.2162062142309225,0.00012419627687634268,2.130790137929623e-07,56.193032710646506,0.548351221296306,1.184340617263648,0.0,0.0,0.5,0.0,0.02562657499947818,2.239138785498085e-07,2,2,2
2017-02-01,ordinary,waveform,246.3489078952506,246.3489078952506,240.00530453794792,0.0,6.343603357302683,0.00012674211831651484,2.1658138256469673e-07,56.241738690516385,0.19527154785201656,1.197489341241245,0.0,0.0,0.5,0.0,0.025186550003127195,2.239138785498085e-07,2,2,2
2017-03-01,heatwave_dr,economic,163.28528417263558,163.28528417263558,154.27927696713954,0.0,9.006007205496042,0.00017971774195805858,6.706702531038009e-07,74.45705847892869,0.6375546296141339,1.4849292389125124,0.0,0.0,0.5,0.0,0.010325162515073316,0.0,2,2,2
2017-03-01,heatwave_dr,full,161.096543526905,161.096543526905,153.73284591369378,0.0,7.363697613211226,0.0001468749085228551,6.650729022823934e-07,74.41672217569925,0.5179339039354658,1.319503193262221,0.0,0.0,0.5,0.0,0.06512910001038108,6.844396826544141e-05,2,2,2
2017-03-01,heatwave_dr,full_mean,161.096543526905,161.096543526905,153.73284591369378,0.0,7.363697613211226,0.0001468749085228551,6.650729022823934e-07,74.41672217569925,0.06574368072573074,1.319503193262221,0.0,0.0,0.5,0.0,0.05743255000197678,6.844396826544141e-05,2,2,2
2017-03-01,heatwave_dr,infrared,161.08506570203554,161.08506570203554,153.7217942512881,0.0,7.363271450747434,0.0001468718990037009,6.558833520796023e-07,74.40848049652857,0.5631891666809504,1.3194863939078298,0.0,0.0,0.5,0.0,0.06306717500410741,6.835929903381555e-05,2,2,2
2017-03-01,heatwave_dr,oracle,161.09734545509994,161.09734545509994,153.73365538919063,0.0,7.363690065909309,0.00014687495523260164,6.647434759742286e-07,74.4126940130789,0.0,1.319503453996787,0.0,0.0,0.5,0.0,0.06443547500748537,6.844528290139706e-05,2,2,2
2017-03-01,heatwave_dr,rainflow,161.11557761957792,161.11557761957792,153.75004640469922,0.0,7.365531214878696,0.00014687136815014036,7.320935790559395e-07,74.77318185367791,0.5621084075488281,1.319483430605199,0.0,0.0,0.5,0.0,0.06468250000034459,5.559199862625874e-05,2,2,2
2017-03-01,heatwave_dr,scalar,161.08506570203554,161.08506570203554,153.7217942512881,0.0,7.363271450747434,0.0001468718990037009,6.558833520796023e-07,74.40848049652857,0.5019594176870086,1.3194863939078298,0.0,0.0,0.5,0.0,0.0532767874901765,6.835929903381555e-05,2,2,2
2017-03-01,heatwave_dr,waveform,161.096543526905,161.096543526905,153.73284591369378,0.0,7.363697613211226,0.0001468749085228551,6.650729022823934e-07,74.41672217569925,0.19330118664221985,1.319503193262221,0.0,0.0,0.5,0.0,0.0645632999985537,6.844396826544141e-05,2,2,2
2017-03-01,ordinary,economic,163.27732363751787,163.27732363751787,154.27597926336674,0.0,9.001344374151136,0.00017971774195805858,5.152425416069332e-07,64.45705847892869,0.6194172073762522,1.4849292389125122,0.0,0.0,0.5,0.0,0.01023503750548116,0.0,2,2,2
2017-03-01,ordinary,full,161.1032998605255,161.1032998605255,153.7442247083598,0.0,7.359075152165717,0.0001468749085228551,5.109908674320686e-07,64.41672217569925,0.5170677623949689,1.319503193262221,0.0,0.0,0.5,0.0,0.07165412500035018,5.84347470209412e-05,2,2,2
2017-03-01,ordinary,full_mean,161.1032998605255,161.1032998605255,153.7442247083598,0.0,7.359075152165717,0.0001468749085228551,5.109908674320686e-07,64.41672217569925,0.0658770894593988,1.319503193262221,0.0,0.0,0.5,0.0,0.05100118750488036,5.84347470209412e-05,2,2,2
2017-03-01,ordinary,infrared,161.0935747834187,161.0935747834187,153.73466649850457,0.0,7.358908284914128,0.0001468718990037009,5.104444909694335e-07,64.40848049652857,0.5618266675657246,1.31948639390783,0.0,0.0,0.5,0.0,0.058696324998891214,5.914934239070746e-05,2,2,2
2017-03-01,ordinary,oracle,161.10410390918344,161.10410390918344,153.74503412476804,0.0,7.359069784415405,0.00014687495523260164,5.107340928441117e-07,64.4126940130789,0.0,1.319503453996787,0.0,0.0,0.5,0.0,0.07167988750006771,5.842368622088756e-05,2,2,2
2017-03-01,ordinary,rainflow,161.11058555729718,161.11058555729718,153.7505344847852,0.0,7.36005107251199,0.00014687136815014036,5.494221668323992e-07,64.77318185367791,0.5740898865449282,1.319483430605199,0.0,0.0,0.5,0.0,0.06177412498436752,5.559199862625874e-05,2,2,2
2017-03-01,ordinary,scalar,161.0935747834187,161.0935747834187,153.73466649850457,0.0,7.358908284914128,0.0001468718990037009,5.104444909694335e-07,64.40848049652857,0.48844763340396447,1.31948639390783,0.0,0.0,0.5,0.0,0.05811584999537445,5.914934239070746e-05,2,2,2
2017-03-01,ordinary,waveform,161.1032998605255,161.1032998605255,153.7442247083598,0.0,7.359075152165717,0.0001468749085228551,5.109908674320686e-07,64.41672217569925,0.19277247028366123,1.319503193262221,0.0,0.0,0.5,0.0,0.055246762502065394,5.84347470209412e-05,2,2,2
2017-04-01,heatwave_dr,economic,19.827065443183795,19.827065443183795,16.916990599966176,0.0,2.910074843217618,5.697731858514214e-05,2.0402971320170113e-06,83.27661134217665,0.3786405125173815,0.7034142013642575,0.0,0.0,0.5,0.0,0.009789287505554967,0.0,2,2,2
2017-04-01,heatwave_dr,full,18.674567913581125,18.674567913581125,15.984419215126088,0.0,2.6901486984550376,5.328704380115668e-05,8.598836132401097e-07,79.0385855879529,0.5184279813532262,0.6791595866312758,0.0,0.0,0.5,0.0,0.08547495001039351,9.575715653395434e-05,2,2,2
2017-04-01,heatwave_dr,full_mean,18.680598884657186,18.680598884657186,15.992012614717215,0.0,2.688586269939973,5.3256483127495495e-05,8.587371188399495e-07,79.02787273865907,0.05914737190134074,0.679159586631276,0.0,0.0,0.5,0.0,0.08674547499322216,9.714628509639722e-05,2,2,2
2017-04-01,heatwave_dr,infrared,18.632436681407953,18.632436681407953,15.933358290579028,0.0,2.699078390828927,5.3460608406963e-05,8.682656826925767e-07,79.11475890100607,0.5313718970840278,0.6790141578392319,0.0,0.0,0.5,0.0,0.07352329999412177,9.914391877030582e-05,2,2,2
2017-04-01,heatwave_dr,oracle,18.68057547162543,18.68057547162543,15.991996065683349,0.0,2.688579405942084,5.325658460359138e-05,8.583391920838376e-07,79.0242383334817,0.0,0.6791601167347769,0.0,0.0,0.5,0.0,0.08849370000098133,9.553262885128588e-05,2,2,2
2017-04-01,heatwave_dr,rainflow,18.176534768315037,18.176534768315037,15.47321819860256,0.0,2.7033165697124786,5.3667119206519655e-05,6.653536462165173e-07,77.00393694192387,0.28222621008015136,0.7024052393963852,0.0,0.0,0.5,0.0,0.06615516249803477,7.376570861400422e-05,2,2,2
2017-04-01,heatwave_dr,scalar,18.632463710529777,18.632463710529777,15.933381996676104,0.0,2.6990817138536727,5.3460581284751005e-05,8.684216538707488e-07,79.11474929628001,0.2846816467603644,0.6790141578392319,0.0,0.0,0.5,0.0,0.08585853751355899,9.91393839248067e-05,2,2,2
2017-04-01,heatwave_dr,waveform,18.668671034489705,18.668671034489705,15.976994712802558,0.0,2.691676321687149,5.3316923300120145e-05,8.610052227047301e-07,79.04906056461834,0.19159656825603777,0.6791595866312758,0.0,0.0,0.5,0.0,0.09388600000238512,9.479900527821494e-05,2,2,2
2017-04-01,ordinary,economic,19.81352607934668,19.81352607934668,16.916990599966176,0.0,2.896535479380503,5.697731858514214e-05,1.5889850041131896e-06,73.27661134217664,0.37864051251738284,0.7034142013642575,0.0,0.0,0.5,0.0,0.00943403750352445,0.0,2,2,2
2017-04-01,ordinary,full,18.672873649368142,18.672873649368142,15.989411481321532,0.0,2.683462168046608,5.3267773692845024e-05,6.691161134785537e-07,69.03181947033703,0.5184299192473747,0.6791595866312758,0.0,0.0,0.5,0.0,0.0810929000035685,9.689434951040687e-05,2,2,2
2017-04-01,ordinary,full_mean,18.672873634255254,18.672873634255254,15.989411466214797,0.0,2.683462168040456,5.326777369284501e-05,6.691161132735036e-07,69.03181947033703,0.05915818782050773,0.6791595866312757,0.0,0.0,0.5,0.0,0.08599711250280961,9.689434951040687e-05,2,2,2
2017-04-01,ordinary,infrared,18.641614040194092,18.641614040194092,15.95216724025548,0.0,2.689446799938612,5.338465959474986e-05,6.73794006703967e-07,69.08766237882858,0.5314685620054247,0.6790141578392319,0.0,0.0,0.5,0.0,0.08538857500025188,9.189842205792331e-05,2,2,2
2017-04-01,ordinary,oracle,18.672900230748084,18.672900230748084,15.989454435512803,0.0,2.683445795235282,5.326763641476411e-05,6.687991499025369e-07,69.02810163017037,0.0,0.679160116734777,0.0,0.0,0.5,0.0,0.08494268749564071,9.6801418684761e-05,2,2,2
2017-04-01,ordinary,rainflow,18.172119497149325,18.172119497149325,15.473218198602558,0.0,2.698901298546768,5.366711920651966e-05,5.181779406928395e-07,67.00393694192388,0.28222621008015114,0.7024052393963851,0.0,0.0,0.5,0.0,0.07666135000181384,7.376570861400422e-05,2,2,2
2017-04-01,ordinary,scalar,18.641612223251578,18.641612223251578,15.952165424018151,0.0,2.689446799233427,5.338465959474986e-05,6.737939831978126e-07,69.08766237882858,0.2846366932804709,0.6790141578392319,0.0,0.0,0.5,0.0,0.09065247500257101,9.189842205792331e-05,2,2,2
2017-04-01,ordinary,waveform,18.672871824824423,18.672871824824423,15.989409657514749,0.0,2.683462167309675,5.3267773692845024e-05,6.69116088914134e-07,69.03181947033703,0.19160517480405362,0.6791595866312758,0.0,0.0,0.5,0.0,0.08276473749720026,9.689434951040687e-05,2,2,2
2017-05-01,heatwave_dr,economic,69.80272530268502,69.80272530268502,65.65475072209671,0.0,4.147974580588318,8.150699408858412e-05,2.4208292053037644e-06,90.7049439269532,0.4768273181314977,0.84359863062697,0.0,0.0,0.5,0.0,0.009858687499217922,0.0,2,2,2
2017-05-01,heatwave_dr,full,66.97054321533565,66.97054321533565,63.25284137956005,0.0,3.71770183577559,7.340156245833724e-05,1.5874570952909075e-06,87.25039695963724,0.515798039798682,0.8531014095324834,0.0,0.0,0.5,0.0,0.07889542500197422,9.657787488626113e-05,2,2,2
2017-05-01,heatwave_dr,full_mean,66.97054971128712,66.97054971128712,63.25283760251928,0.0,3.7177121087678495,7.340156245833724e-05,1.5877995283662302e-06,87.25225687377309,0.06293389201355164,0.8531014095324834,0.0,0.0,0.5,0.0,0.10226779999720748,9.657787488626113e-05,2,2,2
2017-05-01,heatwave_dr,infrared,66.95286173890302,66.95286173890302,63.2413485725058,0.0,3.7115131663972196,7.328874007311047e-05,1.5692054247232153e-06,87.14945463027505,0.5571248549457588,0.8522867896050935,0.0,0.0,0.5,0.0,0.10595101249418803,9.614360463425231e-05,2,2,2
2017-05-01,heatwave_dr,oracle,66.97113252924164,66.97113252924164,63.25341725049232,0.0,3.717715278749325,7.340356643536406e-05,1.5845652327040827e-06,87.23494310040965,0.0,0.8531151056926165,0.0,0.0,0.5,0.0,0.09312011250221985,9.658316770833064e-05,2,2,2
2017-05-01,heatwave_dr,rainflow,67.40016559297814,67.40016559297814,63.593859383531836,0.0,3.8063062094463063,7.474736194803317e-05,2.297937068154912e-06,90.23148273878513,0.4671382662591044,0.8435986306269699,0.0,0.0,0.5,0.0,0.06651482499728445,9.385859442312405e-05,2,2,2
2017-05-01,heatwave_dr,scalar,66.95281807784204,66.95281807784204,63.24159618843241,0.0,3.7112218894096305,7.328874007311047e-05,1.5594961918035667e-06,87.09654315533194,0.4316069667413134,0.8522867896050935,0.0,0.0,0.5,0.0,0.10228197500327951,9.614360463425231e-05,2,2,2
2017-05-01,heatwave_dr,waveform,66.97044837529845,66.97044837529845,63.25302245501821,0.0,3.717425920280239,7.340156245833724e-05,1.5782599121125487e-06,87.20083530207133,0.19231723463355394,0.8531014095324834,0.0,0.0,0.5,0.0,0.10050034998857882,9.657787488626113e-05,2,2,2
2017-05-01,ordinary,economic,69.78666073694909,69.78666073694909,65.65475072209671,0.0,4.131910014852386,8.150699408858412e-05,1.8853436807726995e-06,80.7049439269532,0.4768273181314977,0.84359863062697,0.0,0.0,0.5,0.0,0.00945069999579573,0.0,2,2,2
2017-05-01,ordinary,full,66.9719681458686,66.9719681458686,63.253238300572065,0.0,3.718729845296541,7.340156245833724e-05,1.6217240793226245e-06,79.61548204327843,0.5167075736760489,0.8531014095324834,0.0,0.0,0.5,0.0,0.08911458749571466,9.657787488603908e-05,2,2,2
2017-05-01,ordinary,full_mean,66.97196748823062,66.97196748823062,63.25323563306466,0.0,3.7187318551659554,7.340156245833724e-05,1.621791074969765e-06,79.61577070892267,0.0626064469824675,0.8531014095324834,0.0,0.0,0.5,0.0,0.09491786249054712,9.65778748861501e-05,2,2,2
2017-05-01,ordinary,infrared,66.94851399471156,66.94851399471156,63.240700908975086,0.0,3.7078130857364786,7.328874007311047e-05,1.4458694026985106e-06,78.60066397829974,0.5588847546801299,0.8522867896050935,0.0,0.0,0.5,0.0,0.10619030000452767,9.614360463425231e-05,2,2,2
2017-05-01,ordinary,oracle,66.97271601424336,66.97271601424336,63.2536357178227,0.0,3.719080296420659,7.340356643536406e-05,1.6300658217485434e-06,79.66131140685324,0.0,0.8531151056926165,0.0,0.0,0.5,0.0,0.09351659999447293,0.0001420652107781556,2,0,2
2017-05-01,ordinary,rainflow,67.38491653657734,67.38491653657734,63.593859383531836,0.0,3.7910571530454944,7.474736194803317e-05,1.7896351881278553e-06,80.23148273878513,0.4671382662591038,0.8435986306269699,0.0,0.0,0.5,0.0,0.07521133751652087,9.385859442312405e-05,2,2,2
2017-05-01,ordinary,scalar,66.94840906088223,66.94840906088223,63.24068146063953,0.0,3.7077276002426927,7.328874007311047e-05,1.4430198862389814e-06,78.583416506757,0.45780095591968595,0.8522867896050935,0.0,0.0,0.5,0.0,0.09550646249408601,9.614360463425231e-05,2,2,2
2017-05-01,ordinary,waveform,66.97142107244377,66.97142107244377,63.25321762504535,0.0,3.7182034473984196,7.340156245833724e-05,1.6041774827185703e-06,79.51874937178648,0.19130405494237013,0.8531014095324834,0.0,0.0,0.5,0.0,0.0899978749876027,9.65778748861501e-05,2,2,2
2017-06-01,heatwave_dr,economic,-7.085437831750807,-7.085437831750807,-7.924628774427019,0.0,0.8391909426762124,1.6764239771900472e-05,3.263180270629099e-08,64.26620409303207,0.20265708169415525,0.3035280515411469,0.0,0.0,0.5,0.0,0.009712062499602325,0.0,2,2,2
2017-06-01,heatwave_dr,full,-7.570797829260128,-7.570797829260128,-8.44057591847758,0.0,0.8697780892174519,1.7383055310397046e-05,2.0844123253321066e-08,62.71537258813903,0.5185489283542735,0.30372958277223555,0.0,0.0,0.5,0.0,0.08926328750021639,9.34299423767937e-05,2,2,2
2017-06-01,heatwave_dr,full_mean,-7.571033838044179,-7.571033838044179,-8.440831485271241,0.0,0.8697976472270624,1.738344645354611e-05,2.0844151658567094e-08,62.71537258809029,0.05422516601059847,0.303718533041776,0.0,0.0,0.5,0.0,0.08405223750378354,9.236698659462195e-05,2,2,2
2017-06-01,heatwave_dr,infrared,-7.575925504210039,-7.575925504210039,-8.445104208779354,0.0,0.8691787045693146,1.737106723114618e-05,2.0844767066850746e-08,62.71544441405228,0.5171651698693935,0.30352998509930434,0.0,0.0,0.5,0.0,0.08775678751044325,9.497816758319289e-05,2,2,2
2017-06-01,heatwave_dr,oracle,-7.570774194221916,-7.570774194221916,-8.440572496999277,0.0,0.869798302777361,1.7383459022654613e-05,2.0845054821012442e-08,62.715552901206856,0.0,0.3037297377751647,0.0,0.0,0.5,0.0,0.07868831250743824,9.455286659262874e-05,2,2,2
2017-06-01,heatwave_dr,rainflow,-7.635196976317231,-7.635196976317231,-8.516967132283384,0.0,0.8817701559661526,1.7622852652139403e-05,2.0917445306082437e-08,62.715444411092975,0.1956772041654638,0.3035731419223869,0.0,0.0,0.5,0.0,0.0698453624972899,9.570510719666969e-05,2,2,2
2017-06-01,heatwave_dr,scalar,-7.575925504210039,-7.575925504210039,-8.445104208779354,0.0,0.8691787045693146,1.737106723114618e-05,2.0844767066850746e-08,62.71544441405228,0.20014061670792227,0.30352998509930434,0.0,0.0,0.5,0.0,0.0905212250072509,9.497816758319289e-05,2,2,2
2017-06-01,heatwave_dr,waveform,-7.571049692025147,-7.571049692025147,-8.440848685154489,0.0,0.8697989931293416,1.7383473371210315e-05,2.0844152294192843e-08,62.71537258809663,0.1906683869895536,0.3037185343239873,0.0,0.0,0.5,0.0,0.0787982000001648,9.479362745641595e-05,2,2,2
2017-06-01,ordinary,economic,-7.086413357538414,-7.086413357538414,-7.925172070941612,0.0,0.8387587134031974,1.6764239771900472e-05,1.822416027245881e-08,52.73910696720533,0.2006828763779078,0.3035280515411469,0.0,0.0,0.5,0.0,0.009664087498094887,0.0,2,2,2
2017-06-01,ordinary,full,-7.629125675740595,-7.629125675740595,-8.511290318287797,0.0,0.8821646425472017,1.763350164272577e-05,1.6318680363773883e-08,52.71537258840497,0.5185802189912376,0.3037092373511293,0.0,0.0,0.5,0.0,0.062203612505982164,9.756315746628497e-05,2,2,2
2017-06-01,ordinary,full_mean,-7.629125675740595,-7.629125675740595,-8.511290318287797,0.0,0.8821646425472017,1.763350164272577e-05,1.6318680363773883e-08,52.71537258840497,0.054253444911910975,0.3037092373511293,0.0,0.0,0.5,0.0,0.06138614999508718,9.756315746628497e-05,2,2,2
2017-06-01,ordinary,infrared,-7.635038549321102,-7.635038549321102,-8.516670413751363,0.0,0.881631864430261,1.7622845832029205e-05,1.631909429335792e-08,52.71544441440593,0.5172449296719053,0.30352805154114687,0.0,0.0,0.5,0.0,0.0648816125067242,9.767694351803247e-05,2,2,2
2017-06-01,ordinary,oracle,-7.628955406357116,-7.628955406357116,-8.511127923967067,0.0,0.8821725176099499,1.763365871234364e-05,1.6319399758926473e-08,52.7155529014834,0.0,0.3037128454462202,0.0,0.0,0.5,0.0,0.06647277500087512,9.757250368724879e-05,2,2,2
2017-06-01,ordinary,rainflow,-7.635335783992886,-7.635335783992886,-8.516967132283384,0.0,0.881631348290497,1.7622852652139403e-05,1.6290522784230318e-08,52.715444411092975,0.19567720416546375,0.3035731419223869,0.0,0.0,0.5,0.0,0.07461671249620849,9.570510719666969e-05,2,2,2
2017-06-01,ordinary,scalar,-7.635038549321102,-7.635038549321102,-8.516670413751363,0.0,0.881631864430261,1.7622845832029205e-05,1.631909429335792e-08,52.71544441440593,0.20051019249798374,0.30352805154114687,0.0,0.0,0.5,0.0,0.06619253750250209,9.767694351803247e-05,2,2,2
2017-06-01,ordinary,waveform,-7.629125675740595,-7.629125675740595,-8.511290318287797,0.0,0.8821646425472017,1.763350164272577e-05,1.6318680363773883e-08,52.71537258840497,0.190721206107406,0.3037092373511293,0.0,0.0,0.5,0.0,0.06329811251271167,9.756315746628497e-05,2,2,2
2017-07-01,heatwave_dr,economic,1.7380598603390336,1.7380598603390336,0.17680225431948626,0.0,1.5612576060195473,3.1180583387428545e-05,7.428122160399914e-08,68.73612162412583,0.28012752001503544,0.419575132022816,0.0,0.0,0.5,0.0,0.009803224998904625,0.0,2,2,2
2017-07-01,heatwave_dr,full,0.7145124782287042,0.7145124782287042,-0.752251484246067,0.0,1.4667639624747713,2.9284529359081823e-05,8.458315068933201e-08,69.64528911719415,0.5176692025878156,0.39633449025763606,0.0,0.0,0.5,0.0,0.09491742500904365,9.085550333144676e-05,2,2,2
2017-07-01,heatwave_dr,full_mean,0.7145267363532236,0.7145267363532236,-0.7522404437769332,0.0,1.466767180130157,2.928459360932944e-05,8.458332212283033e-08,69.64530030432822,0.05490891427966647,0.3963388502701221,0.0,0.0,0.5,0.0,0.11382292499547475,9.03630286984286e-05,2,2,2
2017-07-01,heatwave_dr,infrared,0.7017474186577833,0.7017474186577833,-0.7637592813395617,0.0,1.465506699997345,2.9259100957465016e-05,8.505507080314366e-08,69.64576834394397,0.516184716766853,0.3957225562189042,0.0,0.0,0.5,0.0,0.11315104998720926,6.360224049360708e-05,2,2,2
2017-07-01,heatwave_dr,oracle,0.7143197614709398,0.7143197614709398,-0.7524438636459443,0.0,1.466763625116884,2.9284407361124805e-05,8.477523535479769e-08,69.64851364708241,0.0,0.39633460551321,0.0,0.0,0.5,0.0,0.12210062500162167,9.13412923624346e-05,2,2,2
2017-07-01,heatwave_dr,rainflow,1.7275038476801703,1.7275038476801703,0.1692011467437804,0.0,1.55830270093639,3.111239027737335e-05,8.943956892408079e-08,69.62723005217082,0.29886618428148437,0.4152831466705703,0.0,0.0,0.5,0.0,0.07736686250791536,8.442808477324149e-05,2,2,2
2017-07-01,heatwave_dr,scalar,0.7021219801001294,0.7021219801001294,-0.7633657559643882,0.0,1.4654877360645175,2.9259100957465016e-05,8.442293970889064e-08,69.64576866559597,0.2805824402706197,0.3957225562189042,0.0,0.0,0.5,0.0,0.1151992249833711,6.360175733105544e-05,2,2,2
2017-07-01,heatwave_dr,waveform,0.7145151020467625,0.7145151020467625,-0.7522494527006747,0.0,1.4667645547474373,2.9284541182654794e-05,8.458318715658267e-08,69.64529149976356,0.19147074533939656,0.3963352915580554,0.0,0.0,0.5,0.0,0.11467579999953159,9.084982592928725e-05,2,2,2
2017-07-01,ordinary,economic,1.7375669318974944,1.7375669318974944,0.17680225431948626,0.0,1.5607646775780082,3.1180583387428545e-05,5.785027355269502e-08,58.73612162412582,0.2801275200150347,0.419575132022816,0.0,0.0,0.5,0.0,0.008300337507535005,0.0,2,2,2
2017-07-01,ordinary,full,0.7103937651984796,0.7103937651984796,-0.7559046229018909,0.0,1.4662983881003706,2.9292917986034766e-05,5.508295995440879e-08,58.72084940788504,0.5178552599765003,0.3968963214546202,0.0,0.0,0.5,0.0,0.10903152500395663,5.160730430613103e-05,2,2,2
2017-07-01,ordinary,full_mean,0.7103937651984796,0.7103937651984796,-0.7559046229018909,0.0,1.4662983881003706,2.9292917986034766e-05,5.508295995440879e-08,58.72084940788504,0.05492937857813862,0.3968963214546202,0.0,0.0,0.5,0.0,0.10984205000204383,5.160730430613103e-05,2,2,2
2017-07-01,ordinary,infrared,0.6956456653305378,0.6956456653305378,-0.7689707103643191,0.0,1.464616375694857,2.925910095746502e-05,5.537759405353072e-08,58.71985755626635,0.5163541518015189,0.39572255621890423,0.0,0.0,0.5,0.0,0.11447302501255763,4.8800330639087175e-05,2,2,2
2017-07-01,ordinary,oracle,0.7102114001682058,0.7102114001682058,-0.7560873321665094,0.0,1.4662987323347152,2.9292847025250283e-05,5.5212702406699995e-08,58.72420072568948,0.0,0.3968997889907694,0.0,0.0,0.5,0.0,0.10565691249576048,5.1602325963184814e-05,2,2,2
2017-07-01,ordinary,rainflow,1.7269103288019172,1.7269103288019172,0.1692011467437804,0.0,1.5577091820581368,3.111239027737335e-05,6.965560631564288e-08,59.62723005217081,0.2988661842814837,0.4152831466705703,0.0,0.0,0.5,0.0,0.08147491249474115,8.442808477324149e-05,2,2,2
2017-07-01,ordinary,scalar,0.6957114161709639,0.6957114161709639,-0.7689078530328657,0.0,1.4646192692038296,2.925910095746502e-05,5.54740443526183e-08,58.71985755626635,0.2764149336530424,0.39572255621890423,0.0,0.0,0.5,0.0,0.11409246249968419,4.8800330639087175e-05,2,2,2
2017-07-01,ordinary,waveform,0.7103937651984796,0.7103937651984796,-0.7559046229018909,0.0,1.4662983881003706,2.9292917986034766e-05,5.508295995440879e-08,58.72084940788504,0.19143715552424878,0.3968963214546202,0.0,0.0,0.5,0.0,0.10987836249842076,5.160730430613103e-05,2,2,2
2017-08-01,heatwave_dr,economic,24.135567148703366,24.135567148703366,21.53655560826451,0.0,2.5990115404388536,5.181602560075881e-05,2.7367534669709886e-07,73.60468678399693,0.4216135514389477,0.6442116822383642,0.0,0.0,0.5,0.0,0.009873399994830834,0.0,2,2,2
2017-08-01,heatwave_dr,full,20.012095880062255,20.012095880062255,17.33628424010491,0.0,2.6758116399573457,5.337747819337792e-05,2.312576762816591e-07,73.53471691350688,0.518208349219893,0.6697366165678367,0.0,0.0,0.5,0.0,0.09380478750244947,7.308915933479376e-05,2,2,2
2017-08-01,heatwave_dr,full_mean,20.011570752570186,20.011570752570186,17.335737996483324,0.0,2.6758327560868667,5.337747819337792e-05,2.3196154726569737e-07,73.53471691350688,0.0580115908439108,0.6697366165678367,0.0,0.0,0.5,0.0,0.10047262499574572,7.308915933479376e-05,2,2,2
2017-08-01,heatwave_dr,infrared,19.999949597025182,19.999949597025182,17.323536061194613,0.0,2.676413535830569,5.338972491098142e-05,2.3090967604993628e-07,73.50659252824198,0.5332201549931856,0.6699385221748079,0.0,0.0,0.5,0.0,0.08460482499503996,7.34428311957025e-05,2,2,2
2017-08-01,heatwave_dr,oracle,20.011414782219532,20.011414782219532,17.335561023661178,0.0,2.675853758558355,5.3377919417233943e-05,2.3192625655525907e-07,73.53380799131345,0.0,0.6697414724868829,0.0,0.0,0.5,0.0,0.10216357500030426,7.308347733325782e-05,2,2,2
2017-08-01,heatwave_dr,rainflow,20.673918126997062,20.673918126997062,17.781827294461646,0.0,2.8920908325354153,5.7583569652858854e-05,4.3041166308242446e-07,77.17819837422313,0.34946166432573833,0.716355437875032,0.0,0.0,0.5,0.0,0.08403227498274646,6.571226219020954e-05,2,2,2
2017-08-01,heatwave_dr,scalar,20.000474912362044,20.000474912362044,17.324082304816198,0.0,2.6763926075458446,5.338972491098142e-05,2.3021206655913224e-07,73.50659252824198,0.2991232486024319,0.6699385221748079,0.0,0.0,0.5,0.0,0.07952931251566042,7.34428311957025e-05,2,2,2
2017-08-01,heatwave_dr,waveform,20.011570752570186,20.011570752570186,17.335737996483324,0.0,2.6758327560868667,5.337747819337792e-05,2.3196154726569737e-07,73.53471691350688,0.19355278051090813,0.6697366165678367,0.0,0.0,0.5,0.0,0.08455576250707963,7.308915933479376e-05,2,2,2
2017-08-01,ordinary,economic,24.01348919802197,24.01348919802197,21.41654939616715,0.0,2.596939801854819,5.181602560075881e-05,2.0461739389593076e-07,63.604686783996925,0.43387337548406835,0.6442116822383642,0.0,0.0,0.5,0.0,0.009660837498813635,0.0,2,2,2
2017-08-01,ordinary,full,21.114966960339615,21.114966960339615,18.440510960153205,0.0,2.674456000186413,5.337747819337792e-05,1.8606968391723426e-07,63.534716913506884,0.5183142444837319,0.6697366165678367,0.0,0.0,0.5,0.0,0.07708585000000312,7.308915933479376e-05,2,2,2
2017-08-01,ordinary,full_mean,21.114436891901065,21.114436891901065,18.43996471653162,0.0,2.6744721753694467,5.337747819337792e-05,1.8660885668502792e-07,63.534716913506884,0.05942871799933197,0.6697366165678367,0.0,0.0,0.5,0.0,0.08143848750114557,7.308915933479376e-05,2,2,2
2017-08-01,ordinary,infrared,20.858803188815408,20.858803188815408,18.18362152566529,0.0,2.6751816631501173,5.338972491098142e-05,1.898472533682152e-07,63.50659252824198,0.5327807296191875,0.6699385221748079,0.0,0.0,0.5,0.0,0.08718075000069803,7.34428311957025e-05,2,2,2
2017-08-01,ordinary,oracle,21.11458576262691,21.11458576262691,18.440092295283968,0.0,2.6744934673429412,5.3377919417233943e-05,1.8658321604146307e-07,63.53380799131345,0.0,0.6697414724868829,0.0,0.0,0.5,0.0,0.08075007499792264,7.308347733325782e-05,2,2,2
2017-08-01,ordinary,rainflow,20.67008811694283,20.67008811694283,17.780910712440757,0.0,2.889177404502071,5.7583569652858854e-05,3.3329739530428666e-07,67.17819837422311,0.33813430249842646,0.716355437875032,0.0,0.0,0.5,0.0,0.08155576249555452,6.571226219020954e-05,2,2,2
2017-08-01,ordinary,scalar,20.858803188815408,20.858803188815408,18.18362152566529,0.0,2.6751816631501173,5.338972491098142e-05,1.898472533682152e-07,63.50659252824198,0.3155913376982603,0.6699385221748079,0.0,0.0,0.5,0.0,0.08901014999719337,7.34428311957025e-05,2,2,2
2017-08-01,ordinary,waveform,21.114436891901065,21.114436891901065,18.43996471653162,0.0,2.6744721753694467,5.337747819337792e-05,1.8660885668502792e-07,63.534716913506884,0.19454280417711053,0.6697366165678367,0.0,0.0,0.5,0.0,0.08338629999707337,7.308915933479376e-05,2,2,2
2017-09-01,heatwave_dr,economic,27.971962873109355,27.971962873109355,24.746288309164797,0.0,3.2256745639445588,6.433162265774667e-05,3.031143685741721e-07,69.67928347995677,0.33203614895825684,0.7951069122614253,0.0,0.0,0.5,0.0,0.010214987512881635,0.0,2,2,2
2017-09-01,heatwave_dr,full,28.76318616430656,28.76318616430656,26.160686227337216,0.0,2.6024999369693447,5.1553614225880565e-05,8.27307522510542e-07,78.91454164757604,0.5200805749919192,0.7000503148673672,0.0,0.0,0.5,0.0,0.06389453751035035,2.5631771104261958e-05,2,2,2
2017-09-01,heatwave_dr,full_mean,28.763186173099186,28.763186173099186,26.16068623612501,0.0,2.6024999369741755,5.1553614225880565e-05,8.273075226715826e-07,78.91454164757604,0.0556164867706917,0.7000503148673672,0.0,0.0,0.5,0.0,0.05422059999546036,2.5631771104261958e-05,2,2,2
2017-09-01,heatwave_dr,infrared,28.76004647928332,28.76004647928332,26.15963519244285,0.0,2.6004112868404707,5.15106281035619e-05,8.29329388745853e-07,78.88955141843238,0.5195981818686275,0.699780850861855,0.0,0.0,0.5,0.0,0.04546469999331748,4.484558577022568e-05,2,2,2
2017-09-01,heatwave_dr,oracle,28.763341516502525,28.763341516502525,26.1608127098446,0.0,2.6025288066579253,5.155417704859659e-05,8.273318076032001e-07,78.91454164757604,0.0,0.7000550765497185,0.0,0.0,0.5,0.0,0.06471461249748245,2.623216195929423e-05,2,2,2
2017-09-01,heatwave_dr,rainflow,29.53353456920498,29.53353456920498,26.911184078448173,0.0,2.622350490756808,5.2309327177083145e-05,2.294710634217004e-07,68.86932579328179,0.2963979168440896,0.7188817766528269,0.0,0.0,0.5,0.0,0.028504999998403946,5.935547645719019e-05,2,2,2
2017-09-01,heatwave_dr,scalar,28.760450657800256,28.760450657800256,26.159867482262655,0.0,2.6005831755376017,5.15106281035619e-05,8.350590119835528e-07,78.89450823035374,0.3152802138404001,0.699780850861855,0.0,0.0,0.5,0.0,0.04643343749194173,4.484558577022568e-05,2,2,2
2017-09-01,heatwave_dr,waveform,28.763200767256173,28.763200767256173,26.160695941622315,0.0,2.6025048256338588,5.1553614225880565e-05,8.274704779943417e-07,78.91454164757604,0.19381456937057145,0.7000503148673672,0.0,0.0,0.5,0.0,0.04539568750260514,2.5631771104261958e-05,2,2,2
2017-09-01,ordinary,economic,27.969951413280302,27.969951413280302,24.746288309164797,0.0,3.2236631041155066,6.433162265774667e-05,2.3606570760575954e-07,59.679283479956766,0.33203614895825656,0.7951069122614253,0.0,0.0,0.5,0.0,0.009949474999302765,0.0,2,2,2
2017-09-01,ordinary,full,28.757592492792536,28.757592492792536,26.16057879029936,0.0,2.5970137024931743,5.1553614225880565e-05,6.444330399715279e-07,68.91454164757604,0.5200807274834112,0.7000503148673672,0.0,0.0,0.5,0.0,0.06351832500149612,2.5631771104261958e-05,2,2,2
2017-09-01,ordinary,full_mean,28.757580012625127,28.757580012625127,26.1605701169931,0.0,2.5970098956320253,5.1553614225880565e-05,6.443061445999008e-07,68.91454164757604,0.05561905816180809,0.7000503148673672,0.0,0.0,0.5,0.0,0.05444403750516358,2.5631771104261958e-05,2,2,2
2017-09-01,ordinary,infrared,28.754539340834498,28.754539340834498,26.159575405730262,0.0,2.594963935104235,5.15106281035619e-05,6.477509975379985e-07,68.91454164757604,0.51954759660497,0.699780850861855,0.0,0.0,0.5,0.0,0.03301227500560344,4.484558577022568e-05,2,2,2
2017-09-01,ordinary,oracle,28.757735191477288,28.757735191477288,26.160696587320068,0.0,2.59703860415722,5.155417704859659e-05,6.443250575796987e-07,68.91454164757604,0.0,0.7000550765497185,0.0,0.0,0.5,0.0,0.059705575004045386,2.623216195929423e-05,2,2,2
2017-09-01,ordinary,rainflow,29.532011804618875,29.532011804618875,26.911184078448166,0.0,2.6208277261707087,5.2309327177083145e-05,1.7871224388504818e-07,58.86932579328179,0.2963979168440899,0.7188817766528269,0.0,0.0,0.5,0.0,0.024871199995686766,5.935547645719019e-05,2,2,2
2017-09-01,ordinary,scalar,28.754197318831864,28.754197318831864,26.15935644683149,0.0,2.5948408720003706,5.15106281035619e-05,6.436488940758562e-07,68.91454164757604,0.3152474165822363,0.699780850861855,0.0,0.0,0.5,0.0,0.044977712492254796,4.484558577022568e-05,2,2,2
2017-09-01,ordinary,waveform,28.75758094495487,28.75758094495487,26.160571048940295,0.0,2.5970098960145767,5.1553614225880565e-05,6.443061573516126e-07,68.91454164757604,0.19381740111898593,0.7000503148673672,0.0,0.0,0.5,0.0,0.05378486249537673,2.5631771104261958e-05,2,2,2
2017-10-01,heatwave_dr,economic,31.13951315229864,31.13951315229864,27.886063374154993,0.0,3.253449778143648,6.312489908359001e-05,3.2401607988049153e-06,88.11539190225012,0.49977832789991394,0.7162948435697123,0.0,0.0,0.5,0.0,0.009101337498577777,0.0,2,2,2
2017-10-01,heatwave_dr,full,31.46266171840223,31.46266171840223,28.51980192491819,0.0,2.9428597934840397,5.856268101951106e-05,4.90858083616217e-07,71.54702368207359,0.5182885076182739,0.694080289415741,0.0,0.0,0.5,0.0,0.05973850000373204,8.836177904858467e-05,2,2,2
2017-10-01,heatwave_dr,full_mean,31.46268947074774,31.46268947074774,28.519829778963874,0.0,2.942859691783866,5.856267995871098e-05,4.908564616105686e-07,71.54700053047688,0.061076829735743944,0.6940802889571704,0.0,0.0,0.5,0.0,0.0595695125120983,8.836203918738406e-05,2,2,2
2017-10-01,heatwave_dr,infrared,31.46380875308688,31.46380875308688,28.52091640292063,0.0,2.942892350166252,5.856284483567825e-05,4.916702794113115e-07,71.5443809915187,0.5564620936284127,0.6939711619265421,0.0,0.0,0.5,0.0,0.05932612500328105,9.187151529399529e-05,2,2,2
2017-10-01,heatwave_dr,oracle,31.462026764697033,31.462026764697033,28.519002758880998,0.0,2.9430240058160346,5.856603346977755e-05,4.907444109052483e-07,71.54472937666624,0.0,0.6941054682488015,0.0,0.0,0.5,0.0,0.06003311249151011,8.836021808811267e-05,2,2,2
2017-10-01,heatwave_dr,rainflow,31.46785302290764,31.46785302290764,28.522430884418576,0.0,2.945422138489065,5.8588832820493905e-05,5.326832488123169e-07,72.15386761794853,0.49708389593291513,0.6939716431349797,0.0,0.0,0.5,0.0,0.0512832500062359,8.185221479894977e-05,2,2,2
2017-10-01,heatwave_dr,scalar,31.463792621435793,31.463792621435793,28.520911265756013,0.0,2.942881355679785,5.856272724283038e-05,4.914997846088766e-07,71.54162566842555,0.4971514695591284,0.6939711619265421,0.0,0.0,0.5,0.0,0.05834027499440708,9.187151529399529e-05,2,2,2
2017-10-01,heatwave_dr,waveform,31.46264560279335,31.46264560279335,28.519796794474097,0.0,2.9428488083192565,5.85625636182463e-05,4.906875802313915e-07,71.54426872015267,0.1941531799912413,0.694080289415741,0.0,0.0,0.5,0.0,0.05922347500745673,8.839242673941428e-05,2,2,2
2017-10-01,ordinary,economic,31.118011521356088,31.118011521356088,27.886063374154993,0.0,3.2319481472010962,6.312489908359001e-05,2.5234397673865365e-06,78.11539190225012,0.49977832789991433,0.7162948435697123,0.0,0.0,0.5,0.0,0.009410599996044766,0.0,2,2,2
2017-10-01,ordinary,full,31.460095089320802,31.460095089320802,28.519321636718487,0.0,2.940773452602313,5.857651320774616e-05,3.9825974050015393e-07,61.87217452454753,0.5182722137870732,0.6940803114109382,0.0,0.0,0.5,0.0,0.05930834999526269,8.809075634996777e-05,2,2,2
2017-10-01,ordinary,full_mean,31.461210619758678,31.461210619758678,28.520437534379845,0.0,2.940773085378834,5.857650882191852e-05,3.98254809430258e-07,61.87215132356097,0.06114250620977039,0.6940802889571703,0.0,0.0,0.5,0.0,0.058899824995023664,8.47911707724247e-05,2,2,2
2017-10-01,ordinary,infrared,31.462325998565753,31.462325998565753,28.521524798769452,0.0,2.940801199796302,5.857669284182284e-05,3.988852568386796e-07,61.869504577481194,0.5564682009175819,0.6939711619265421,0.0,0.0,0.5,0.0,0.059029799995187204,9.187151529399529e-05,2,2,2
2017-10-01,ordinary,oracle,31.460548366474544,31.460548366474544,28.519610288002507,0.0,2.940938078472038,5.857986230935372e-05,3.981654334783933e-07,61.86986797974055,0.0,0.6941054682488015,0.0,0.0,0.5,0.0,0.04449262499838369,8.47894035342911e-05,2,2,2
2017-10-01,ordinary,rainflow,31.46431814938239,31.46431814938239,28.522430884418572,0.0,2.9418872649638166,5.8588832820493905e-05,4.148541313040502e-07,62.15386761794849,0.49708389593291535,0.6939716431349797,0.0,0.0,0.5,0.0,0.0512849000042479,8.185221479894977e-05,2,2,2
2017-10-01,ordinary,scalar,31.4623107613469,31.4623107613469,28.521519600886357,0.0,2.9407911604605452,5.857657518224481e-05,3.9874671161015354e-07,61.866736735628514,0.4971876457003812,0.6939711619265421,0.0,0.0,0.5,0.0,0.05940069999633124,9.187151529399529e-05,2,2,2
2017-10-01,ordinary,waveform,31.4611676375109,31.4611676375109,28.520404489694602,0.0,2.9407631478163,5.8576392415279026e-05,3.9811756841161665e-07,61.86940710132043,0.1941737175171132,0.6940802894157408,0.0,0.0,0.5,0.0,0.05967748749026214,8.482091979167272e-05,2,2,2
2017-11-01,heatwave_dr,economic,176.332201146193,176.332201146193,169.04190074505152,0.0,7.290300401141483,0.00014573948025096243,1.1087961977870777e-07,61.286621570658255,0.6336992811798683,1.3969851517144236,0.0,0.0,0.5,0.0,0.010220012496574782,0.0,2,2,2
2017-11-01,heatwave_dr,full,178.39790388206762,178.39790388206762,172.00719537499063,0.0,6.390708507076996,0.00012771082072974405,1.7224901965975244e-07,64.10930623073997,0.5172335873084898,1.2318976962776214,0.0,0.0,0.5,0.0,0.04107879999719444,5.144801648337971e-05,2,2,2
2017-11-01,heatwave_dr,full_mean,178.39790388206762,178.39790388206762,172.00719537499063,0.0,6.390708507076996,0.00012771082072974405,1.7224901965975244e-07,64.10930623073997,0.06394629305089061,1.2318976962776214,0.0,0.0,0.5,0.0,0.04125120000753668,5.144801648337971e-05,2,2,2
2017-11-01,heatwave_dr,infrared,178.37152761952493,178.37152761952493,171.98088841200348,0.0,6.39063920752144,0.0001277104099559697,1.706236574318192e-07,64.04649855842835,0.5651166739269246,1.2318949429586044,0.0,0.0,0.5,0.0,0.037636950008163694,3.5133651519192455e-05,2,2,2
2017-11-01,heatwave_dr,oracle,178.39948566094657,178.39948566094657,172.00880161384282,0.0,6.390684047103751,0.00012771026949450013,1.7235241262484e-07,64.11347859468894,0.0,1.231894001475701,0.0,0.0,0.5,0.0,0.04007380000621197,3.522435873604124e-05,2,2,2
2017-11-01,heatwave_dr,rainflow,175.17771436356753,175.17771436356753,168.6209489860837,0.0,6.556765377483814,0.00013105687449030103,1.307217656254136e-07,62.87760037727754,0.6198287733078187,1.3085197248244993,0.0,0.0,0.5,0.0,0.09034886249355623,9.88436358884126e-05,2,2,2
2017-11-01,heatwave_dr,scalar,178.37152761952493,178.37152761952493,171.98088841200348,0.0,6.39063920752144,0.0001277104099559697,1.7062365743181923e-07,64.04649855842835,0.5173025664493148,1.2318949429586044,0.0,0.0,0.5,0.0,0.04146482500073034,3.5133651519192455e-05,2,2,2
2017-11-01,heatwave_dr,waveform,178.39790388206762,178.39790388206762,172.00719537499063,0.0,6.390708507076996,0.00012771082072974405,1.7224901965975244e-07,64.10930623073997,0.19221398699266734,1.2318976962776214,0.0,0.0,0.5,0.0,0.032320500005880604,5.144801648337971e-05,2,2,2
2017-11-01,ordinary,economic,176.33415274046814,176.33415274046814,169.04541380680476,0.0,7.288738933663381,0.00014573948025096243,5.883070384198788e-08,48.515800969075734,0.5947387654203191,1.3969851517144236,0.0,0.0,0.5,0.0,0.009951150008419063,0.0,2,2,2
2017-11-01,ordinary,full,178.39676084161965,178.39676084161965,172.00719537499063,0.0,6.389565466629032,0.00012771082072974405,1.3414767139429695e-07,54.109306230739975,0.5172335873084899,1.2318976962776214,0.0,0.0,0.5,0.0,0.042012749992863974,5.144801648337971e-05,2,2,2
2017-11-01,ordinary,full_mean,178.39676084161965,178.39676084161965,172.00719537499063,0.0,6.389565466629032,0.00012771082072974405,1.3414767139429695e-07,54.109306230739975,0.06394629305089036,1.2318976962776214,0.0,0.0,0.5,0.0,0.041091637507634005,5.144801648337971e-05,2,2,2
2017-11-01,ordinary,infrared,178.37287842364475,178.37287842364475,171.98325434844256,0.0,6.389624075202167,0.0001277108601740064,1.3603555006152762e-07,54.04649855842835,0.5641462653241845,1.2318979606624427,0.0,0.0,0.5,0.0,0.04127888750008424,6.702105928724222e-05,2,2,2
2017-11-01,ordinary,oracle,178.39834193438531,178.39834193438531,172.00880161384282,0.0,6.3895403205425,0.00012771026949450013,1.3422819391647124e-07,54.11347859468894,0.0,1.231894001475701,0.0,0.0,0.5,0.0,0.04080126250482863,3.522435873604124e-05,2,2,2
2017-11-01,ordinary,rainflow,175.18828456861337,175.18828456861337,168.63132350450854,0.0,6.556961064104819,0.00013105687449030103,1.3724465299222444e-07,54.820125921991306,0.6335209668277644,1.3085197248244993,0.0,0.0,0.5,0.0,0.08877808750548866,9.88436358884126e-05,2,2,2
2017-11-01,ordinary,scalar,178.3728784366879,178.3728784366879,171.98325436056598,0.0,6.38962407612193,0.0001277108601740064,1.3603558072031057e-07,54.04649855842835,0.5103707399923908,1.2318979606624427,0.0,0.0,0.5,0.0,0.04026751249693916,6.702105928724222e-05,2,2,2
2017-11-01,ordinary,waveform,178.39676084161965,178.39676084161965,172.00719537499063,0.0,6.389565466629032,0.00012771082072974405,1.3414767139429695e-07,54.109306230739975,0.19221398699266729,1.2318976962776214,0.0,0.0,0.5,0.0,0.04088023750227876,5.144801648337971e-05,2,2,2
2017-12-01,heatwave_dr,economic,266.1335873270626,266.1335873270626,259.7703417385528,0.0,6.363245588509833,0.00012723289623068937,5.3359232512171286e-08,55.86345956996829,0.4519949010772162,1.2,0.0,0.0,0.5,0.0,0.009982237501390046,0.0,2,2,2
2017-12-01,heatwave_dr,full,265.76384808834564,265.76384808834564,259.66926300516764,0.0,6.094585083178036,0.00012186759988932003,4.0169623734519474e-08,54.21788069935845,0.5166788931529323,1.1628157153316523,0.0,0.0,0.5,0.0,0.02710666249913629,8.881784197001252e-16,2,2,2
2017-12-01,heatwave_dr,full_mean,265.76384808834564,265.76384808834564,259.66926300516764,0.0,6.094585083178036,0.00012186759988932003,4.0169623734519474e-08,54.21788069935845,0.06422702239544817,1.1628157153316523,0.0,0.0,0.5,0.0,0.02148145000319346,8.881784197001252e-16,2,2,2
2017-12-01,heatwave_dr,infrared,265.7662127357478,265.7662127357478,259.67236800151545,0.0,6.093844734232338,0.00012185488346530757,3.6685365565292347e-08,53.740389204550986,0.5468080163000199,1.1627244459090318,0.0,0.0,0.5,0.0,0.027206950009713182,8.881784197001252e-16,2,2,2
2017-12-01,heatwave_dr,oracle,265.76460046030644,265.76460046030644,259.6699235994155,0.0,6.094676860890957,0.0001218673404890273,4.366121465307193e-08,54.695948338991954,0.0,1.1628138537026491,0.0,0.0,0.5,0.0,0.02419301249756245,8.881784197001252e-16,2,2,2
2017-12-01,heatwave_dr,rainflow,266.13493327124326,266.13493327124326,259.77167639014533,0.0,6.363256881097932,0.00012723289623068937,5.373565211546476e-08,55.861228400113276,0.45882877345525663,1.2,0.0,0.0,0.5,0.0,0.02157022500250605,8.379069425457075e-05,2,2,2
2017-12-01,heatwave_dr,scalar,265.7662127357478,265.7662127357478,259.67236800151545,0.0,6.093844734232338,0.00012185488346530757,3.668536556529234e-08,53.740389204550986,0.3973810531480818,1.1627244459090318,0.0,0.0,0.5,0.0,0.027636374994472135,8.881784197001252e-16,2,2,2
2017-12-01,heatwave_dr,waveform,265.76384808834564,265.76384808834564,259.66926300516764,0.0,6.094585083178036,0.00012186759988932003,4.0169623734519474e-08,54.21788069935845,0.19241918977070516,1.1628157153316523,0.0,0.0,0.5,0.0,0.023046262489515357,8.881784197001252e-16,2,2,2
2017-12-01,ordinary,economic,266.1332527626018,266.1332527626018,259.77036262548495,0.0,6.362890137116817,0.00012723289623068937,4.151085274495838e-08,45.863371562192675,0.45257049784611914,1.2000000000000002,0.0,0.0,0.5,0.0,0.010108100002980791,0.0,2,2,2
2017-12-01,ordinary,full,265.75728435290023,265.75728435290023,259.6627927115331,0.0,6.09449164136714,0.00012186759988932003,3.705489670467666e-08,45.18113048029161,0.5169625577120129,1.1628157153316523,0.0,0.0,0.5,0.0,0.028484437501901994,8.881784197001252e-16,2,2,2
2017-12-01,ordinary,full_mean,265.75728435290023,265.75728435290023,259.6627927115331,0.0,6.09449164136714,0.00012186759988932003,3.7054896704676696e-08,45.181130480291614,0.06392091990848725,1.1628157153316523,0.0,0.0,0.5,0.0,0.02846496249185293,8.881784197001252e-16,2,2,2
2017-12-01,ordinary,infrared,265.7614595006367,265.7614595006367,259.66760363224967,0.0,6.09385586838705,0.00012185488346530757,3.705650405569452e-08,45.181031210433176,0.5455319755128987,1.1627244459090318,0.0,0.0,0.5,0.0,0.022198387508979067,8.881784197001252e-16,2,2,2
2017-12-01,ordinary,oracle,265.7583321461916,265.7583321461916,259.66385348053774,0.0,6.094478665653858,0.0001218673404890273,3.705470674976146e-08,45.18105298932433,0.0,1.1628138537026493,0.0,0.0,0.5,0.0,0.028094874985981733,8.881784197001252e-16,2,2,2
2017-12-01,ordinary,rainflow,266.13378477471565,266.13378477471565,259.7708940564897,0.0,6.362890718225972,0.00012723289623068937,4.153022305013714e-08,45.86340827794808,0.4512771758955776,1.2,0.0,0.0,0.5,0.0,0.021418499993160367,8.379069425457075e-05,2,2,2
2017-12-01,ordinary,scalar,265.7614595006367,265.7614595006367,259.66760363224967,0.0,6.09385586838705,0.00012185488346530757,3.705650405569454e-08,45.181031210433176,0.4030247878904304,1.1627244459090318,0.0,0.0,0.5,0.0,0.027813087501272094,8.881784197001252e-16,2,2,2
2017-12-01,ordinary,waveform,265.75728435290023,265.75728435290023,259.6627927115331,0.0,6.09449164136714,0.00012186759988932003,3.70548967046767e-08,45.181130480291614,0.19205278250492525,1.1628157153316523,0.0,0.0,0.5,0.0,0.023576874995342223,8.881784197001252e-16,2,2,2
