date,regime,comparator,n_seeds_per_mode,full_cost_USD,comparator_cost_USD,both_numerical_pass,total_cost_USD_delta_full_minus_comparator,energy_adjusted_cost_USD_delta_full_minus_comparator,operating_cost_USD_delta_full_minus_comparator,DR_cost_USD_delta_full_minus_comparator,wear_cost_USD_delta_full_minus_comparator,battery_wear_delta_full_minus_comparator,converter_wear_delta_full_minus_comparator,Tj_peak_C_delta_full_minus_comparator,Tj_RMSE_C_delta_full_minus_comparator,FEC_delta_full_minus_comparator,thermal_exceedance_hours_delta_full_minus_comparator,DR_shortfall_kWh_delta_full_minus_comparator,terminal_SOC_delta_full_minus_comparator,terminal_correction_USD_delta_full_minus_comparator,solver_p95_seconds_delta_full_minus_comparator,max_rainflow_gap_USD_delta_full_minus_comparator,sensing_saving_USD_per_day
2017-01-01,heatwave_dr,scalar,2,254.02560276225148,254.0306616056711,True,-0.005058843419618597,-0.005058843419618597,-0.0008015271077397301,-0.004318818067932995,6.150175604613395e-05,0.0,2.0500585348868475e-09,0.11171252635168116,-0.0775997423776037,2.220446049250313e-16,0.0,-0.0021594090339664973,0.0,0.0,0.0002219374910055194,-5.830714355781197e-07,0.005058843419618597
2017-02-01,heatwave_dr,scalar,2,246.55379699817274,246.5459922668105,True,0.007804731362256234,0.007804731362256234,-0.0004892060219674477,0.0,0.0082939373842148,1.6445401922806366e-07,2.3745474270229958e-09,0.0537417745298967,-0.027799107700440584,0.0008658919401796084,0.0,0.0,0.0,0.0,0.002122512498317519,1.1113553952224464e-05,-0.007804731362256234
2017-03-01,heatwave_dr,scalar,2,161.096543526905,161.08506570203554,True,0.011477824869473352,0.011477824869473352,0.011051662405691332,0.0,0.00042616246379179046,3.009519154202481e-09,9.189550202791176e-09,0.008241679170680527,0.01597448624845721,1.6799354391139332e-05,0.0,0.0,0.0,0.0,0.011852312520204578,8.466923162586681e-08,-0.011477824869473352
2017-04-01,heatwave_dr,scalar,2,18.674567913581125,18.632463710529777,True,0.04210420305134832,0.04210420305134832,0.05103721844998432,0.0,-0.008933015398635114,-1.7353748359432726e-07,-8.538040630639144e-09,-0.07616370832711539,0.23374633459286182,0.00014542879204393344,0.0,0.0,0.0,0.0,-0.0003835875031654723,-3.382227390852366e-06,-0.04210420305134832
2017-05-01,heatwave_dr,scalar,2,66.97054321533565,66.95281807784204,True,0.017725137493613374,0.017725137493613374,0.011245191127642329,0.0,0.006479946365959499,1.1282238522677295e-07,2.7960903487340764e-08,0.1538538043052995,0.08419107305736862,0.000814619927389848,0.0,0.0,0.0,0.0,-0.023386550001305295,4.342702520088171e-07,-0.017725137493613374
2017-06-01,heatwave_dr,scalar,2,-7.570797829260128,-7.575925504210039,True,0.005127674949910954,0.005127674949910954,0.004528290301774263,0.0,0.0005993846481373577,1.198807925086544e-08,-6.438135296805117e-13,-7.182591324550458e-05,0.3184083116463512,0.00019959767293120656,0.0,0.0,0.0,0.0,-0.0012579375070345122,-1.5482252063991897e-06,-0.005127674949910954
2017-07-01,heatwave_dr,scalar,2,0.7145124782287042,0.7021219801001294,True,0.012390498128574845,0.012390498128574845,0.011114271718321134,0.0,0.0012762264102537113,2.5428401616807493e-08,1.602109804413679e-10,-0.00047954840181319014,0.2370867623171959,0.0006119340387318872,0.0,0.0,0.0,0.0,-0.02028179997432744,2.725374600039132e-05,-0.012390498128574845
2017-08-01,heatwave_dr,scalar,2,20.012095880062255,20.000474912362044,True,0.011620967700210372,0.011620967700210372,0.012201935288711496,0.0,-0.0005809675884989041,-1.2246717603499563e-08,1.0456097225268656e-09,0.028124385264902685,0.21908510061746111,-0.00020190560697119775,0.0,0.0,0.0,0.0,0.01427547498678905,-3.5367186090873304e-07,-0.011620967700210372
2017-09-01,heatwave_dr,scalar,2,28.76318616430656,28.760450657800256,True,0.00273550650630483,0.00273550650630483,0.0008187450745609226,0.0,0.0019167614317430193,4.2986122318667034e-08,-7.75148947301078e-09,0.020033417222308003,0.20480036115151906,0.00026946400551219885,0.0,0.0,0.0,0.0,0.017461100018408615,-1.9213814665963724e-05,-0.00273550650630483
2017-10-01,heatwave_dr,scalar,2,31.46266171840223,31.463792621435793,True,-0.001130903033562447,-0.001130903033562447,-0.0011093408378215486,0.0,-2.1562195745339352e-05,-4.62233193209002e-11,-6.417009926596264e-10,0.005398013648033384,0.02113703805914552,0.00010912748919889026,0.0,0.0,0.0,0.0,0.0013982250093249604,-3.509736245410622e-06,0.001130903033562447
2017-11-01,heatwave_dr,scalar,2,178.39790388206762,178.37152761952493,True,0.02637626254269776,0.02637626254269776,0.026306962987149518,0.0,6.929955555534661e-05,4.1077377434316047e-10,1.6253622279332103e-09,0.06280767231162088,-6.897914082504286e-05,2.7533190170014876e-06,0.0,0.0,0.0,0.0,-0.00038602500353590585,1.6314364964187256e-05,-0.02637626254269776
2017-12-01,heatwave_dr,scalar,2,265.76384808834564,265.7662127357478,True,-0.002364647402146147,-0.002364647402146147,-0.0031049963478153586,0.0,0.0007403489456985213,1.271642401245326e-08,3.4842581692271338e-09,0.47749149480746667,0.11929784000485044,9.126942262049909e-05,0.0,0.0,0.0,0.0,-0.0005297124953358434,0.0,0.002364647402146147
2017-01-01,heatwave_dr,waveform,2,254.02560276225148,254.02560276225148,True,0.0,0.0,0.0,0.0,0.0,0.0,0.0,0.0,0.3217961877148004,0.0,0.0,0.0,0.0,0.0,-0.00010187500447500497,0.0,0.0
2017-02-01,heatwave_dr,waveform,2,246.55379699817274,246.55379699817274,True,0.0,0.0,0.0,0.0,0.0,0.0,0.0,0.0,0.32267242639994287,0.0,0.0,0.0,0.0,0.0,-0.0007400875038001686,4.063416270128073e-13,0.0
2017-03-01,heatwave_dr,waveform,2,161.096543526905,161.096543526905,True,0.0,0.0,0.0,0.0,0.0,0.0,0.0,0.0,0.32463271729324594,0.0,0.0,0.0,0.0,0.0,0.0005658000118273776,0.0,0.0
2017-04-01,heatwave_dr,waveform,2,18.674567913581125,18.668671034489705,True,0.005896879091420004,0.005896879091420004,0.007424502323530646,0.0,-0.0015276232321115302,-2.987949896346724e-08,-1.1216094646204542e-09,-0.010474976665449276,0.32683141309718844,0.0,0.0,0.0,0.0,0.0,-0.008411049991991604,9.581512557393923e-07,-0.005896879091420004
2017-05-01,heatwave_dr,waveform,2,66.97054321533565,66.97044837529845,True,9.484003720672263e-05,9.484003720672263e-05,-0.0001810754581583751,0.0,0.0002759154953508869,0.0,9.197183178358776e-09,0.04956165756591702,0.32348080516512806,0.0,0.0,0.0,0.0,0.0,-0.0216049249866046,0.0,-9.484003720672263e-05
2017-06-01,heatwave_dr,waveform,2,-7.570797829260128,-7.571049692025147,True,0.0002518627650189842,0.0002518627650189842,0.00027276667690934175,0.0,-2.090391188969143e-05,-4.180608132692645e-10,-2.9040871777551665e-14,4.240519047016278e-11,0.3278805413647199,1.1048448248229814e-05,0.0,0.0,0.0,0.0,0.010465087500051595,-1.3636850796222566e-06,-0.0002518627650189842
2017-07-01,heatwave_dr,waveform,2,0.7145124782287042,0.7145151020467625,True,-2.623818058267169e-06,-2.623818058267169e-06,-2.031545392355838e-06,0.0,-5.922726660223532e-07,-1.1823572970573546e-11,-3.646725066228912e-14,-2.3825694057677538e-06,0.326198457248419,-8.013004193507811e-07,0.0,0.0,0.0,0.0,-0.019758374990487937,5.677402159509626e-09,2.623818058267169e-06
2017-08-01,heatwave_dr,waveform,2,20.012095880062255,20.011570752570186,True,0.0005251274920681226,0.0005251274920681226,0.000546243621585063,0.0,-2.111612952093722e-05,0.0,-7.038709840382591e-10,0.0,0.3246555687089849,0.0,0.0,0.0,0.0,0.0,0.009249024995369837,0.0,-0.0005251274920681226
2017-09-01,heatwave_dr,waveform,2,28.76318616430656,28.763200767256173,True,-1.460294961219688e-05,-1.460294961219688e-05,-9.714285098993969e-06,0.0,-4.88866451409109e-06,0.0,-1.6295548379969773e-10,0.0,0.3262660056213477,0.0,0.0,0.0,0.0,0.0,0.018498850007745204,0.0,1.460294961219688e-05
2017-10-01,heatwave_dr,waveform,2,31.46266171840223,31.46264560279335,True,1.6115608879374577e-05,1.6115608879374577e-05,5.130444094447739e-06,0.0,1.098516478315048e-05,1.1740126476230198e-10,1.7050338482554954e-10,0.0027549619209139564,0.3241353276270327,0.0,0.0,0.0,0.0,0.0,0.0005150249962753151,-3.0647690829610497e-08,-1.6115608879374577e-05
2017-11-01,heatwave_dr,waveform,2,178.39790388206762,178.39790388206762,True,0.0,0.0,0.0,0.0,0.0,0.0,0.0,0.0,0.32501960031582244,0.0,0.0,0.0,0.0,0.0,0.008758299991313834,0.0,0.0
2017-12-01,heatwave_dr,waveform,2,265.76384808834564,265.76384808834564,True,0.0,0.0,0.0,0.0,0.0,0.0,0.0,0.0,0.3242597033822271,0.0,0.0,0.0,0.0,0.0,0.004060400009620935,0.0,0.0
2017-01-01,heatwave_dr,full_mean,2,254.02560276225148,254.02560276225148,True,0.0,0.0,0.0,0.0,0.0,0.0,0.0,0.0,0.44657973825241426,0.0,0.0,0.0,0.0,0.0,-0.0007488250121241435,0.0,0.0
2017-02-01,heatwave_dr,full_mean,2,246.55379699817274,246.55379699817274,True,0.0,0.0,0.0,0.0,0.0,0.0,0.0,0.0,0.45212787037415764,0.0,0.0,0.0,0.0,0.0,0.0023720374956610613,5.728750807065808e-14,0.0
2017-03-01,heatwave_dr,full_mean,2,161.096543526905,161.096543526905,True,0.0,0.0,0.0,0.0,0.0,0.0,0.0,0.0,0.45219022320973506,0.0,0.0,0.0,0.0,0.0,0.0076965500084043015,0.0,0.0
2017-04-01,heatwave_dr,full_mean,2,18.674567913581125,18.680598884657186,True,-0.00603097107606132,-0.00603097107606132,-0.007593399591126371,0.0,0.0015624285150646067,3.056067366118305e-08,1.1464944001601434e-09,0.010712849293824434,0.4592806094518855,-1.1102230246251565e-16,0.0,0.0,0.0,0.0,-0.001270524982828647,-1.3891285624428873e-06,0.00603097107606132
2017-05-01,heatwave_dr,full_mean,2,66.97054321533565,66.97054971128712,True,-6.495951467400118e-06,-6.495951467400118e-06,3.777040774366469e-06,0.0,-1.0272992259530156e-05,0.0,-3.424330753227222e-10,-0.0018599141358492943,0.45286414778513034,0.0,0.0,0.0,0.0,0.0,-0.023372374995233258,0.0,6.495951467400118e-06
2017-06-01,heatwave_dr,full_mean,2,-7.570797829260128,-7.571033838044179,True,0.00023600878405094505,0.00023600878405094505,0.00025556679366189883,0.0,-1.9558009610509686e-05,-3.911431490623231e-10,-2.8405246028202585e-14,4.874323167314287e-11,0.464323762343675,1.104973045956692e-05,0.0,0.0,0.0,0.0,0.005211049996432848,1.0629557821717484e-06,-0.00023600878405094505
2017-07-01,heatwave_dr,full_mean,2,0.7145124782287042,0.7145267363532236,True,-1.4258124519384019e-05,-1.4258124519384019e-05,-1.1040469133805075e-05,0.0,-3.217655385689966e-06,-6.425024761560322e-11,-1.7143349831842079e-13,-1.1187134063561643e-05,0.4627602883081491,-4.360012486048781e-06,0.0,0.0,0.0,0.0,-0.018905499986431096,4.924746330181584e-07,1.4258124519384019e-05
2017-08-01,heatwave_dr,full_mean,2,20.012095880062255,20.011570752570186,True,0.0005251274920681226,0.0005251274920681226,0.000546243621585063,0.0,-2.111612952093722e-05,0.0,-7.038709840382591e-10,0.0,0.46019675837598223,0.0,0.0,0.0,0.0,0.0,-0.006667837493296247,0.0,-0.0005251274920681226
2017-09-01,heatwave_dr,full_mean,2,28.76318616430656,28.763186173099186,True,-8.792625294518075e-09,-8.792625294518075e-09,-8.787793603914906e-09,0.0,-4.830802424748981e-12,0.0,-1.6104065678906616e-16,0.0,0.4644640882212275,0.0,0.0,0.0,0.0,0.0,0.009673937514889985,0.0,8.792625294518075e-09
2017-10-01,heatwave_dr,full_mean,2,31.46266171840223,31.46268947074774,True,-2.775234550966843e-05,-2.775234550966843e-05,-2.7854045683284312e-05,0.0,1.017001736158818e-07,1.060800081944483e-12,1.622005648393773e-12,2.315159670729372e-05,0.45721167788253,4.585705148940633e-10,0.0,0.0,0.0,0.0,0.00016898749163374305,-2.601387993905746e-10,2.775234550966843e-05
2017-11-01,heatwave_dr,full_mean,2,178.39790388206762,178.39790388206762,True,0.0,0.0,0.0,0.0,0.0,0.0,0.0,0.0,0.45328729425759917,0.0,0.0,0.0,0.0,0.0,-0.00017240001034224406,0.0,0.0
2017-12-01,heatwave_dr,full_mean,2,265.76384808834564,265.76384808834564,True,0.0,0.0,0.0,0.0,0.0,0.0,0.0,0.0,0.45245187075748405,0.0,0.0,0.0,0.0,0.0,0.005625212495942833,0.0,0.0
2017-01-01,heatwave_dr,rainflow,2,254.02560276225148,254.01644203077842,True,0.009160731473059514,0.009160731473059514,0.007188970992558552,0.0017346903972139671,0.0002370700832745598,-6.516533691239453e-11,8.010945004036645e-09,-0.7226333145050319,-0.08156772779410904,-4.367941508487405e-07,0.0,0.0008673451986069836,0.0,0.0,0.006123737497546244,-4.993262027319645e-05,-0.009160731473059514
2017-02-01,heatwave_dr,rainflow,2,246.55379699817274,246.4143640030155,True,0.13943299515725016,0.13943299515725016,0.21320373782847923,0.0,-0.07377074267123618,-1.6159882640501342e-06,2.3428901770898812e-07,10.185351751753117,-0.001961245411485346,-0.008458831168203229,0.0,0.0,0.0,0.0,0.009600662498996826,1.1080671056706848e-05,-0.13943299515725016
2017-03-01,heatwave_dr,rainflow,2,161.096543526905,161.11557761957792,True,-0.019034092672910674,-0.019034092672910674,-0.017200491005439744,0.0,-0.0018336016674700417,3.540372714747964e-09,-6.702067677354605e-08,-0.3564596779786626,-0.04417450361336228,1.976265702197111e-05,0.0,0.0,0.0,0.0,0.00044660001003649086,1.285196963918267e-05,0.019034092672910674
2017-04-01,heatwave_dr,rainflow,2,18.674567913581125,18.176534768315037,True,0.49803314526608844,0.49803314526608844,0.511201016523529,0.0,-0.01316787125744101,-3.800754053629769e-07,1.9452996702359238e-07,2.0346486460290265,0.23620177127307485,-0.02324565276510937,0.0,0.0,0.0,0.0,0.019319787512358744,2.1991447919950113e-05,-0.49803314526608844
2017-05-01,heatwave_dr,rainflow,2,66.97054321533565,67.40016559297814,True,-0.4296223776424881,-0.4296223776424881,-0.34101800397178295,0.0,-0.08860437367071627,-1.3457994896959308e-06,-7.104799728640045e-07,-2.9810857791478895,0.04865977353957762,0.009502778905513432,0.0,0.0,0.0,0.0,0.012380600004689768,2.719280463137075e-06,0.4296223776424881
2017-06-01,heatwave_dr,rainflow,2,-7.570797829260128,-7.635196976317231,True,0.06439914705710326,0.06439914705710326,0.07639121380580427,0.0,-0.01199206674870068,-2.3979734174235683e-07,-7.33220527613714e-11,-7.182295394159155e-05,0.32287172418880966,0.00015644084984867135,0.0,0.0,0.0,0.0,0.019417925002926495,-2.2751648198759966e-06,-0.06439914705710326
2017-07-01,heatwave_dr,rainflow,2,0.7145124782287042,1.7275038476801703,True,-1.012991369451466,-1.012991369451466,-0.9214526309898474,0.0,-0.09153873846161864,-1.8278609182915257e-06,-4.856418234748784e-09,0.018059065023336984,0.2188030183063312,-0.01894865641293425,0.0,0.0,0.0,0.0,0.017550562501128297,6.427418558205278e-06,1.012991369451466
2017-08-01,heatwave_dr,rainflow,2,20.012095880062255,20.673918126997062,True,-0.6618222469348076,-0.6618222469348076,-0.4455430543567367,0.0,-0.2162791925780696,-4.2060914594809325e-06,-1.9915398680076535e-07,-3.643481460716245,0.16874668489415467,-0.0466188213071953,0.0,0.0,0.0,0.0,0.009772512519703014,7.376897144584227e-06,0.6618222469348076
2017-09-01,heatwave_dr,rainflow,2,28.76318616430656,29.53353456920498,True,-0.7703484048984208,-0.7703484048984208,-0.750497851110957,0.0,-0.019850553787463365,-7.557129512025801e-07,5.978364590888416e-07,10.045215854294256,0.22368265814782956,-0.01883146178545969,0.0,0.0,0.0,0.0,0.0353895375119464,-3.3723705352928235e-05,0.7703484048984208
2017-10-01,heatwave_dr,rainflow,2,31.46266171840223,31.46785302290764,True,-0.005191304505409278,-0.005191304505409278,-0.0026289595003845534,0.0,-0.0025623450050251684,-2.6151800982844857e-08,-4.182516519609986e-08,-0.6068439358749487,0.02120461168535881,0.00010864628076123761,0.0,0.0,0.0,0.0,0.00845524999749614,6.5095642496348916e-06,0.005191304505409278
2017-11-01,heatwave_dr,rainflow,2,178.39790388206762,175.17771436356753,True,3.220189518500092,3.220189518500092,3.386246388906926,0.0,-0.16605687040681882,-3.3460537605569784e-06,4.152725403433884e-08,1.2317058534624366,-0.10259518599932893,-0.07662202854687794,0.0,0.0,0.0,0.0,-0.04927006249636179,-4.7395619405032896e-05,-3.220189518500092
2017-12-01,heatwave_dr,rainflow,2,265.76384808834564,266.13493327124326,True,-0.37108518289761605,-0.37108518289761605,-0.10241338497769448,0.0,-0.2686717979198958,-5.365296341369345e-06,-1.3566028380945285e-08,-1.6433477007548234,0.05785011969767562,-0.03718428466834767,0.0,0.0,0.0,0.0,0.005536437496630242,-8.379069425368257e-05,0.37108518289761605
2017-01-01,ordinary,scalar,2,254.01732124888625,254.01931136428252,True,-0.001990115396267811,-0.001990115396267811,-0.002037079811628928,0.0,4.6964415369998846e-05,0.0,1.5654805123294087e-09,0.10946458201372167,-0.08177617049371899,2.220446049250313e-16,0.0,0.0,0.0,0.0,0.0013347499989322387,0.0,0.001990115396267811
2017-02-01,ordinary,scalar,2,246.3489078952506,246.454276211562,True,-0.10536831631139876,-0.10536831631139876,-0.23276545938315962,0.0,0.12739714307176087,2.545841440172161e-06,3.50236877173443e-09,0.04870597986987946,-0.03008793486120309,0.013148723977597143,0.0,0.0,0.0,0.0,0.0028272500057937577,0.0,0.10536831631139876
2017-03-01,ordinary,scalar,2,161.1032998605255,161.0935747834187,True,0.0097250771068218,0.0097250771068218,0.009558209855242694,0.0,0.00016686725158887583,3.009519154202481e-09,5.463764626351264e-10,0.008241679170680527,0.028620128991004412,1.6799354390917287e-05,0.0,0.0,0.0,0.0,0.01353827500497573,-7.145953697662577e-07,-0.0097250771068218
2017-04-01,ordinary,scalar,2,18.672873649368142,18.641612223251578,True,0.031261426116564905,0.031261426116564905,0.037246057303381264,0.0,-0.005984631186819023,-1.1688590190483711e-07,-4.677869719258886e-09,-0.05584290849155593,0.23379322596690377,0.00014542879204393344,0.0,0.0,0.0,0.0,-0.009559574999002507,4.995927452483562e-06,-0.031261426116564905
2017-05-01,ordinary,scalar,2,66.9719681458686,66.94840906088223,True,0.023559084986374046,0.023559084986374046,0.01255683993253598,0.0,0.01100224505384828,1.1282238522677295e-07,1.7870419308364318e-07,1.0320655365214293,0.05890661775636297,0.000814619927389848,0.0,0.0,0.0,0.0,-0.00639187499837135,4.342702517867725e-07,-0.023559084986374046
2017-06-01,ordinary,scalar,2,-7.629125675740595,-7.635038549321102,True,0.005912873580506961,0.005912873580506961,0.005380095463566548,0.0,0.0005327781169407464,1.0655810696565338e-08,-4.139295840364435e-13,-7.182600096200531e-05,0.3180700264932539,0.0001811858099824426,0.0,0.0,0.0,0.0,-0.003988924996519927,-1.1378605174749978e-07,-0.005912873580506961
2017-07-01,ordinary,scalar,2,0.7103937651984796,0.6957114161709639,True,0.014682349027515751,0.014682349027515751,0.013003230130974819,0.0,0.001679118896541043,3.381702856974648e-08,-3.9108439820951174e-10,0.0009918516186928628,0.24144032632345785,0.0011737652357159956,0.0,0.0,0.0,0.0,-0.005060937495727558,2.806973667043855e-06,-0.014682349027515751
2017-08-01,ordinary,scalar,2,21.114966960339615,20.858803188815408,True,0.2561637715242071,0.2561637715242071,0.25688943448791335,0.0,-0.0007256629637044654,-1.2246717603499563e-08,-3.777569450980955e-09,0.028124385264902685,0.20272290678547156,-0.00020190560697119775,0.0,0.0,0.0,0.0,-0.011924299997190246,-3.5367186090873304e-07,-0.2561637715242071
2017-09-01,ordinary,scalar,2,28.757592492792536,28.754197318831864,True,0.0033951739606727926,0.0033951739606727926,0.0012223434678695355,0.0,0.0021728304928037012,4.2986122318667034e-08,7.841458956716293e-10,0.0,0.20483331090117485,0.00026946400551219885,0.0,0.0,0.0,0.0,0.018540612509241328,-1.9213814665963724e-05,-0.0033951739606727926
2017-10-01,ordinary,scalar,2,31.460095089320802,31.4623107613469,True,-0.0022156720260966267,-0.0022156720260966267,-0.0021979641678697703,0.0,-1.7707858232185458e-05,-6.197449865308954e-11,-4.869711099996131e-10,0.005437788919017805,0.021084568086692013,0.00010914948439610939,0.0,0.0,0.0,0.0,-9.235000106855296e-05,-3.780758944027518e-06,0.0022156720260966267
2017-11-01,ordinary,scalar,2,178.39676084161965,178.3728784366879,True,0.02388240493175431,0.02388240493175431,0.023941014424650575,0.0,-5.860949289804296e-05,-3.9444262363731025e-11,-1.887909326013622e-09,0.06280767231162798,0.006862847316099097,-2.6438482136903474e-07,0.0,0.0,0.0,0.0,0.0017452374959248118,-1.5573042803862513e-05,-0.02388240493175431
2017-12-01,ordinary,scalar,2,265.75728435290023,265.7614595006367,True,-0.004175147736475537,-0.004175147736475537,-0.004810920716579403,0.0,0.0006357729800905432,1.271642401245326e-08,-1.6073510178775288e-12,9.926985843122793e-05,0.11393776982158255,9.126942262049909e-05,0.0,0.0,0.0,0.0,0.0006713500006299,0.0,0.004175147736475537
2017-01-01,ordinary,waveform,2,254.01732124888625,254.01732124888625,True,0.0,0.0,0.0,0.0,0.0,0.0,0.0,0.0,0.3213584587946605,0.0,0.0,0.0,0.0,0.0,0.000601187493884936,0.0,0.0
2017-02-01,ordinary,waveform,2,246.3489078952506,246.3489078952506,True,0.0,0.0,0.0,0.0,0.0,0.0,0.0,0.0,0.32299173858308633,0.0,0.0,0.0,0.0,0.0,0.0032672750021447428,0.0,0.0
2017-03-01,ordinary,waveform,2,161.1032998605255,161.1032998605255,True,0.0,0.0,0.0,0.0,0.0,0.0,0.0,0.0,0.32429529211130764,0.0,0.0,0.0,0.0,0.0,0.016407362498284783,0.0,0.0
2017-04-01,ordinary,waveform,2,18.672873649368142,18.672871824824423,True,1.8245437196640069e-06,1.8245437196640069e-06,1.823806783818327e-06,0.0,7.3693318114465e-10,0.0,2.4564419644429805e-14,0.0,0.3268247444433211,0.0,0.0,0.0,0.0,0.0,-0.001671837493631756,0.0,-1.8245437196640069e-06
2017-05-01,ordinary,waveform,2,66.9719681458686,66.97142107244377,True,0.0005470734248262943,0.0005470734248262943,2.0675526712921055e-05,0.0,0.0005263978981213668,0.0,1.7546596604054223e-08,0.09673267149194942,0.3254035187336788,0.0,0.0,0.0,0.0,0.0,-0.0008832874918880407,-1.1102230246251565e-16,-0.0005470734248262943
2017-06-01,ordinary,waveform,2,-7.629125675740595,-7.629125675740595,True,0.0,0.0,0.0,0.0,0.0,0.0,0.0,0.0,0.3278590128838316,0.0,0.0,0.0,0.0,0.0,-0.001094500006729504,0.0,0.0
2017-07-01,ordinary,waveform,2,0.7103937651984796,0.7103937651984796,True,0.0,0.0,0.0,0.0,0.0,0.0,0.0,0.0,0.3264181044522515,0.0,0.0,0.0,0.0,0.0,-0.0008468374944641255,0.0,0.0
2017-08-01,ordinary,waveform,2,21.114966960339615,21.114436891901065,True,0.0005300684385503018,0.0005300684385503018,0.000546243621585063,0.0,-1.6175183033872997e-05,0.0,-5.391727677936678e-10,0.0,0.3237714403066213,0.0,0.0,0.0,0.0,0.0,-0.0063004499970702454,0.0,-0.0005300684385503018
2017-09-01,ordinary,waveform,2,28.757592492792536,28.75758094495487,True,1.15478376656597e-05,1.15478376656597e-05,7.741359066670839e-06,0.0,3.806478597656593e-06,0.0,1.2688261991525738e-10,0.0,0.32626332636442523,0.0,0.0,0.0,0.0,0.0,0.009733462506119395,0.0,-1.15478376656597e-05
2017-10-01,ordinary,waveform,2,31.460095089320802,31.4611676375109,True,-0.001072548190098388,-0.001072548190098388,-0.0010828529761148786,0.0,1.0304786012937939e-05,1.207924671338444e-10,1.4217208853727433e-10,0.0027674232271053256,0.32409849626996,2.1995197330149097e-08,0.0,0.0,0.0,0.0,-0.0003691374949994497,3.2698365582950473e-06,0.001072548190098388
2017-11-01,ordinary,waveform,2,178.39676084161965,178.39676084161965,True,0.0,0.0,0.0,0.0,0.0,0.0,0.0,0.0,0.3250196003158226,0.0,0.0,0.0,0.0,0.0,0.0011325124905852135,0.0,0.0
2017-12-01,ordinary,waveform,2,265.75728435290023,265.75728435290023,True,0.0,0.0,0.0,0.0,0.0,0.0,-3.970466940254533e-23,-7.105427357601002e-15,0.3249097752070877,0.0,0.0,0.0,0.0,0.0,0.0049075625065597706,0.0,0.0
2017-01-01,ordinary,full_mean,2,254.01732124888625,254.01732124888625,True,0.0,0.0,0.0,0.0,0.0,0.0,0.0,0.0,0.44630148084693555,0.0,0.0,0.0,0.0,0.0,-0.0018279250034538563,0.0,0.0
2017-02-01,ordinary,full_mean,2,246.3489078952506,246.3489078952506,True,0.0,0.0,0.0,0.0,0.0,0.0,0.0,0.0,0.45121867007218974,0.0,0.0,0.0,0.0,0.0,0.003158449999318691,0.0,0.0
2017-03-01,ordinary,full_mean,2,161.1032998605255,161.1032998605255,True,0.0,0.0,0.0,0.0,0.0,0.0,0.0,0.0,0.4511906729355701,0.0,0.0,0.0,0.0,0.0,0.020652937495469814,0.0,0.0
2017-04-01,ordinary,full_mean,2,18.672873649368142,18.672873634255254,True,1.511288871824945e-08,1.511288871824945e-08,1.510673541815777e-08,0.0,6.1524119132627675e-12,1.3552527156068805e-20,2.0505005350867625e-16,0.0,0.45927173142686695,1.1102230246251565e-16,0.0,0.0,0.0,0.0,-0.004904212499241112,0.0,-1.511288871824945e-08
2017-05-01,ordinary,full_mean,2,66.9719681458686,66.97196748823062,True,6.576379831813028e-07,6.576379831813028e-07,2.6675074025206413e-06,0.0,-2.009869414454357e-06,0.0,-6.699564714040285e-11,-0.0002886656442342428,0.4541011266935814,0.0,0.0,0.0,0.0,0.0,-0.0058032749948324636,-1.1102230246251565e-16,-6.576379831813028e-07
2017-06-01,ordinary,full_mean,2,-7.629125675740595,-7.629125675740595,True,0.0,0.0,0.0,0.0,0.0,0.0,0.0,0.0,0.46432677407932665,0.0,0.0,0.0,0.0,0.0,0.000817462510894984,0.0,0.0
2017-07-01,ordinary,full_mean,2,0.7103937651984796,0.7103937651984796,True,0.0,0.0,0.0,0.0,0.0,0.0,0.0,0.0,0.46292588139836166,0.0,0.0,0.0,0.0,0.0,-0.0008105249980872031,0.0,0.0
2017-08-01,ordinary,full_mean,2,21.114966960339615,21.114436891901065,True,0.0005300684385503018,0.0005300684385503018,0.000546243621585063,0.0,-1.6175183033872997e-05,0.0,-5.391727677936678e-10,0.0,0.4588855264843999,0.0,0.0,0.0,0.0,0.0,-0.004352637501142453,0.0,-0.0005300684385503018
2017-09-01,ordinary,full_mean,2,28.757592492792536,28.757580012625127,True,1.2480167409734122e-05,1.2480167409734122e-05,8.673306261641756e-06,0.0,3.806861148980545e-06,0.0,1.268953716270778e-10,0.0,0.4644616693216031,0.0,0.0,0.0,0.0,0.0,0.009074287496332545,0.0,-1.2480167409734122e-05
2017-10-01,ordinary,full_mean,2,31.460095089320802,31.461210619758678,True,-0.0011155304378753783,-0.0011155304378753783,-0.0011158976613572236,0.0,3.6722347918072273e-07,4.385827638564432e-12,4.931069895934798e-12,2.3200986561278114e-05,0.4571297075773028,2.245376784504316e-08,0.0,0.0,0.0,0.0,0.00040852500023902394,3.2995855775430627e-06,0.0011155304378753783
2017-11-01,ordinary,full_mean,2,178.39676084161965,178.39676084161965,True,0.0,0.0,0.0,0.0,0.0,0.0,0.0,0.0,0.4532872942575995,0.0,0.0,0.0,0.0,0.0,0.000921112485229969,0.0,0.0
2017-12-01,ordinary,full_mean,2,265.75728435290023,265.75728435290023,True,0.0,0.0,0.0,0.0,0.0,0.0,-3.3087224502121107e-23,-7.105427357601002e-15,0.4530416378035257,0.0,0.0,0.0,0.0,0.0,1.9475010049063712e-05,0.0,0.0
2017-01-01,ordinary,rainflow,2,254.01732124888625,254.0211405166876,True,-0.0038192678013615478,-0.0038192678013615478,-0.0039528612059598345,0.0,0.00013359340460095126,-6.516533691239453e-11,4.561722381568168e-09,-0.7592684522409598,-0.06552995017434216,-4.367941508487405e-07,0.0,0.0,0.0,0.0,0.006079312493966427,-8.366763573341984e-05,0.0038192678013615478
2017-02-01,ordinary,rainflow,2,246.3489078952506,246.29736048116212,True,0.05154741408847485,0.05154741408847485,0.037779806657624704,0.0,0.013767607430852813,1.663649884066159e-07,1.8164526701736574e-07,9.594423087940662,-0.008564828544639025,0.0008528056102503623,0.0,0.0,0.0,0.0,-0.0025639999948907644,-3.288289551761636e-08,-0.05154741408847485
2017-03-01,ordinary,rainflow,2,161.1032998605255,161.11058555729718,True,-0.007285696771674566,-0.007285696771674566,-0.006309776425382552,0.0,-0.0009759203462724741,3.540372714747964e-09,-3.8431299400330596e-08,-0.3564596779786626,-0.05702212414995933,1.976265702197111e-05,0.0,0.0,0.0,0.0,0.00988000001598266,2.8427483946824594e-06,0.007285696771674566
2017-04-01,ordinary,rainflow,2,18.672873649368142,18.172119497149325,True,0.5007541522188177,0.5007541522188177,0.5161932827189748,0.0,-0.01543913050015977,-3.99345513674638e-07,1.509381727857142e-07,2.0278825284131443,0.23620370916722355,-0.02324565276510926,0.0,0.0,0.0,0.0,0.004431550001754658,2.3128640896402652e-05,-0.5007541522188177
2017-05-01,ordinary,rainflow,2,66.9719681458686,67.38491653657734,True,-0.4129483907087348,-0.4129483907087348,-0.3406210829597711,0.0,-0.07232730774895346,-1.3457994896959308e-06,-1.6791110880523078e-07,-0.616000695506699,0.049569307416945096,0.009502778905513432,0.0,0.0,0.0,0.0,0.013903249979193788,2.7192804629150302e-06,0.4129483907087348
2017-06-01,ordinary,rainflow,2,-7.629125675740595,-7.635335783992886,True,0.006210108252290958,0.006210108252290958,0.005676813995586727,0.0,0.000533294256704675,1.0648990586367447e-08,2.815757954356464e-11,-7.182268800676184e-05,0.3229030148257739,0.0001360954287424332,0.0,0.0,0.0,0.0,-0.012413099990226328,1.8580502696152745e-06,-0.006210108252290958
2017-07-01,ordinary,rainflow,2,0.7103937651984796,1.7269103288019172,True,-1.0165165636034375,-1.0165165636034375,-0.9251057696456713,0.0,-0.09141079395776619,-1.8194722913385833e-06,-1.4572646361234095e-08,-0.9063806442857683,0.21898907569501658,-0.018386825215950087,0.0,0.0,0.0,0.0,0.027556612509215483,-3.2820780467110455e-05,1.0165165636034375
2017-08-01,ordinary,rainflow,2,21.114966960339615,20.67008811694283,True,0.4448788433967863,0.4448788433967863,0.6596002477124472,0.0,-0.21472140431565823,-4.2060914594809325e-06,-1.472277113870524e-07,-3.643481460716231,0.1801799419853054,-0.0466188213071953,0.0,0.0,0.0,0.0,-0.004469912495551398,7.376897144584227e-06,-0.4448788433967863
2017-09-01,ordinary,rainflow,2,28.757592492792536,29.532011804618875,True,-0.7744193118263389,-0.7744193118263389,-0.7506052881488046,0.0,-0.02381402367753438,-7.557129512025801e-07,4.657207960864797e-07,10.045215854294256,0.22368281063932127,-0.01883146178545969,0.0,0.0,0.0,0.0,0.03864712500580936,-3.3723705352928235e-05,0.7744193118263389
2017-10-01,ordinary,rainflow,2,31.460095089320802,31.46431814938239,True,-0.004223060061587347,-0.004223060061587347,-0.003109247700084694,0.0,-0.0011138123615035411,-1.231961274774572e-08,-1.6594390803896267e-08,-0.2816930934009605,0.021188317854157868,0.00010866827595845674,0.0,0.0,0.0,0.0,0.008023449991014786,6.238541551017995e-06,0.004223060061587347
2017-11-01,ordinary,rainflow,2,178.39676084161965,175.18828456861337,True,3.2084762730062835,3.2084762730062835,3.3758718704820865,0.0,-0.16739559747578703,-3.3460537605569784e-06,-3.0969815979274943e-09,-0.7108196912513307,-0.11628737951927448,-0.07662202854687794,0.0,0.0,0.0,0.0,-0.04676533751262468,-4.7395619405032896e-05,-3.2084762730062835
2017-12-01,ordinary,rainflow,2,265.75728435290023,266.13378477471565,True,-0.37650042181542176,-0.37650042181542176,-0.1081013449565944,0.0,-0.2683990768588318,-5.365296341369345e-06,-4.4753263454604785e-09,-0.6822777976564751,0.06568538181643535,-0.03718428466834767,0.0,0.0,0.0,0.0,0.0070659375087416265,-8.379069425368257e-05,0.37650042181542176
