date,regime,mode,seed,main_cost_USD,new_cost_USD,cost_delta_new_minus_main_USD,absolute_cost_delta_USD,main_max_rainflow_gap_USD,new_max_rainflow_gap_USD,main_max_iterations,new_max_iterations,main_numerical_gate,new_numerical_gate,max_abs_action_difference_kW,max_abs_executed_mean_difference_kW,changed_action_intervals_above_1e_9,max_abs_physical_Tj_difference_C,max_abs_SOC_difference,max_abs_estimated_Tj_difference_C,max_abs_estimated_Ts_difference_C,original_metrics_sha256,new_metrics_sha256
2017-01-01,heatwave_dr,full,41,254.02511500845404,254.02511500845404,0.0,0.0,6.8986616303945425e-06,8.881784197001252e-16,4,4,PASS,PASS,0.0,0.0,0,0.0,0.0,0.0,0.0,ea7d2262932a8a4fe1e4511f3568fe6c72548454afe5759478f20f56ce489a37,2d4f0ee4adce544c1bdc6dfc4f6ae282e687cf51765476f24338e5f1642f5b44
2017-01-01,heatwave_dr,full_mean,41,254.02511500845404,254.02511500845404,0.0,0.0,6.8986616303945425e-06,8.881784197001252e-16,4,4,PASS,PASS,0.0,0.0,0,0.0,0.0,0.0,0.0,8e5d36f7266729db8ac1e5a507e3dcc2d71400a6f018d320258839782a26e77e,2f1650c56627dc2430f18cf702fe0ae25051b7a8fcc990c600472c596a60e793
2017-01-01,heatwave_dr,scalar,41,254.0306616056711,254.0306616056711,0.0,0.0,7.442217309971966e-06,8.881784197001252e-16,4,4,PASS,PASS,0.0,0.0,0,0.0,0.0,0.0,0.0,3187e843c383c39dae4997d951a498c1d3f6212d7240fc37bf35ad080e75c6f8,2b640b74b6ddeed4706f0c4f90d3bac46c63163781f93a579a199a38d2c849ee
2017-01-01,heatwave_dr,waveform,41,254.02511500845404,254.02511500845404,0.0,0.0,6.8986616303945425e-06,8.881784197001252e-16,4,4,PASS,PASS,0.0,0.0,0,0.0,0.0,0.0,0.0,ebac92ed4890c3373723fa10fe029a0fd2b8093b6e9e60cff1faa1cd807a51c4,ab6fb79f1a83fcdec3cd5083641b550a791d0263dab790e4098a701e65a8e45a
2017-01-01,ordinary,full,41,254.0171013160459,254.0171013160459,0.0,0.0,8.881784197001252e-16,8.881784197001252e-16,4,4,PASS,PASS,0.0,0.0,0,0.0,0.0,0.0,0.0,a0a1360b6a39c3516bd974a6898e1b31275572356daa2e83cbdde296356715be,35ed7e0c4a97de97c3f97484fc1b3c0c1a32c32210015d961ea8cc40fd734e49
2017-01-01,ordinary,full_mean,41,254.0171013160459,254.0171013160459,0.0,0.0,8.881784197001252e-16,8.881784197001252e-16,4,4,PASS,PASS,0.0,0.0,0,0.0,0.0,0.0,0.0,aa0ca6e121dff3cddca0689433a75bd07e8af7d9eecbc8de7d7a256c37e58e3c,7534366362604ab96dbd2bf09f859aa87166201d4136b773323e21f1584a16f8
2017-01-01,ordinary,scalar,41,254.01931136428252,254.01931136428252,0.0,0.0,8.881784197001252e-16,8.881784197001252e-16,4,4,PASS,PASS,0.0,0.0,0,0.0,0.0,0.0,0.0,59e68cf9dc011785ba311ac6e29df280ae93580fc1cb9c0834bdeb07a8760b95,5529e5204e9076b8795217e83898d8b52eafd3caec22573dab2859bee9c46393
2017-01-01,ordinary,waveform,41,254.0171013160459,254.0171013160459,0.0,0.0,8.881784197001252e-16,8.881784197001252e-16,4,4,PASS,PASS,0.0,0.0,0,0.0,0.0,0.0,0.0,5b9f48875e1ce4b85c3567f6321fd2ceced0f3913ee0f9b4076879d77b7e5d3b,3ca729da78d82f3cd1433f10e9ddf5c27d243a8070e8e055d016cfe6a3d4f1a7
2017-04-01,heatwave_dr,full,41,18.668775796891563,18.677759696462914,0.008983899571351373,0.008983899571351373,9.400393385394779e-05,9.85802855374418e-07,22,36,PASS,PASS,0.5526221972088194,0.5526221972088337,4,0.23445323989314204,0.0006769621915808655,0.23445483802547784,0.14934232445557427,89bb3cbbb9d9b827661d29e342e2399febd8321400ed301d7e4008381230e991,3b75db5e7877904240e11e80e5f34e0328557e2ac553a0f6bfa534639311ed3c
2017-04-01,heatwave_dr,full_mean,41,18.68078102756115,18.67800797428732,-0.0027730532738310387,0.0027730532738310387,9.686790587074001e-05,9.843991271574204e-07,18,53,PASS,PASS,0.1703433520841955,0.17034335208418838,4,0.07184613738558454,0.00020867060630319623,0.07184704603238856,0.045764577522298566,7c5dfdacd0395ce710940aac7913919cda4e5d56cb44b7120221078a52a94483,15e04f07a2651b4d449b0b2ff3b3a7ba6ea8788611bffd4df9bfaca428f44997
2017-04-01,heatwave_dr,scalar,41,18.631972558292652,18.659826667530417,0.0278541092377651,0.0278541092377651,9.960527548696918e-05,7.431611123154269e-07,26,44,PASS,PASS,6.31336808835165,6.313368088351652,6,1.112689672266896,0.0077338759082307695,1.0749926904610518,0.7040224752114312,474edc526498cf83f7435b1408db1324319e32fbf42c190db2deb6f067a8e6b3,bd0b03346909304a59976d721b2e26d8105b62c11a8cde5c4cd7429999bcdfc6
2017-04-01,heatwave_dr,waveform,41,18.668535396256942,18.67752366491245,0.00898826865550717,0.00898826865550717,9.39879180088532e-05,7.081384278961877e-07,28,36,PASS,PASS,0.5529121731193953,0.5529121731194024,4,0.2346292255170752,0.0006773174120712766,0.23463251341193825,0.14945499677132545,38f576d741fafebf38b7e3d6f2f36b58d2612a048abd6659969c81fe7266379f,f3b1aa9edc81c71fec52926c24539637d75ff663e5587eac2e86113bf74d68cf
2017-04-01,ordinary,full,41,18.672878643857416,18.67576178185061,0.0028831379931943957,0.0028831379931943957,9.695915607535466e-05,5.950057123949026e-07,20,30,PASS,PASS,0.1769578766350648,0.1769578766350719,4,0.07460627117799845,0.00021677339887798963,0.07460677800547444,0.04752279815760119,08ec4128bff92d0cc042aa76030a9c03e15c56b1fd0447c4302264e4f8520f36,50c760ff8c6be2ea14282d7ad1cb4c9f3e88f3595405db3059c85e63396038e7
2017-04-01,ordinary,full_mean,41,18.672878952201998,18.675762090575596,0.00288313837359766,0.00288313837359766,9.695915607535466e-05,5.950057123949026e-07,20,39,PASS,PASS,0.1769578766350648,0.1769578766350719,4,0.07460627117799845,0.00021677339887798963,0.07460721452872576,0.047522728529102665,68eb1e7ea76a9f8cc3c7d963640f073fc7ba490ff9f1bdc5c13ad2559aba0367,e79b848a813f63d96179f031c6497dc661a0fb36fba0686d7ff44194d01bb564
2017-04-01,ordinary,scalar,41,18.641612213186207,18.651003228617128,0.009391015430921357,0.009391015430921357,9.189842205792331e-05,7.62924684746813e-07,28,39,PASS,PASS,0.5786464929301189,0.5786464929301189,4,0.24964029254655173,0.000708841953839412,0.2567725160369392,0.15991331014428312,20e39ad4d7360ed8a153a74d567737a89dd9e30d144e808c9a6c8e7860a50a96,fc26a5af990ab4de834fb2302a537182cc21588c4dfd96367118616b9dd0450a
2017-04-01,ordinary,waveform,41,18.67287656142182,18.675759696843183,0.0028831354213636473,0.0028831354213636473,9.695915607535466e-05,5.950057123949026e-07,20,30,PASS,PASS,0.1769578766350648,0.1769578766350719,4,0.07460627117799845,0.00021677339887798963,0.07460731298368017,0.04752297965159613,7d49db044c9aa1948a734133f99de250a885e76a4342121c2fb74bcce43727fe,0d5b0296ebe9dc231d4ad48eb765c6cbab93f2ffe391a6f06418d893ea995670
2017-07-01,heatwave_dr,full,41,0.7139744451397145,0.7163833668261814,0.0024089216864668916,0.0024089216864668916,9.12928988810735e-05,6.153030481237387e-07,27,36,PASS,PASS,0.5968570157196471,0.5968570157196462,5,0.1271750664833533,0.0007311523565411981,0.12716633930986632,0.08081745830184417,651e1f8a42894ed9385eb950479a4a91f0b36562713f50141723129aafcbc72d,540b0f2b7a940b3336a2686c54cc5d5c8757d8faab907dca5da4fd7ffd9ba7b9
2017-07-01,heatwave_dr,full_mean,41,0.7140029603890532,0.7163833636476522,0.0023804032585990065,0.0023804032585990065,9.030797345929709e-05,6.153012467313701e-07,27,36,PASS,PASS,0.5897382048351598,0.5897382048351596,5,0.12566414129826597,0.0007224317829397364,0.12564808722282805,0.07985620102372337,aa429b759d188d67c73d8259e737811aef2bf38137c4d63478641d0af739e3b0,946e2257c5a37252211e4e19784746c91865abb4c0f618152e8b7e6af3ca2b26
2017-07-01,heatwave_dr,scalar,41,0.7021219790823134,0.702689498662338,0.0005675195800245447,0.0005675195800245447,6.387069549720903e-05,5.387047543187196e-07,32,36,PASS,PASS,0.1421985511645143,0.14219855116451452,5,0.029391435974702063,0.00017419382376271386,0.03023616885161573,0.018635975967356444,a4018f339a18f23be9ffc32ebf61f031d79b4c1c1411402b1531db52b2e0b794,660782a13790b39d9c68e397e3b23798ca1c74e0190a51061caaabc59af6e559
2017-07-01,heatwave_dr,waveform,41,0.714002952020679,0.7162917106446032,0.002288758623924192,0.002288758623924192,9.030823171835012e-05,5.389129168337226e-07,27,36,PASS,PASS,0.5671566333682978,0.5671566333682965,5,0.1207947200062307,0.0006947692696379626,0.12077768041179837,0.07675028035999532,f9b1243790680d989dda79e9271ebccb9577ba44834342844a1880ab773e07be,0336ef9c9f9a145de9f95935b026a10a3dc6c18e631489c33e68891e005e638e
2017-07-01,ordinary,full,41,0.7098677447613992,0.7103465367583375,0.0004787919969382326,0.0004787919969382326,5.159933360629476e-05,5.389129167227003e-07,27,38,PASS,PASS,0.11336301715649988,0.11336301715650166,4,0.027392385365182292,0.00013886969601673016,0.027366259518601055,0.01867662381602031,1cfdfa750f654efd9767f69b50d37da7d01ebbfd1325a58a89528f3eec93b9c1,40a1179ca97308b4df0ac3f107d7c4b16022d871c38f0b1b00324fbf5f2d371e
2017-07-01,ordinary,full_mean,41,0.7098677447613992,0.7103465367583375,0.0004787919969382326,0.0004787919969382326,5.159933360629476e-05,5.389129167227003e-07,27,38,PASS,PASS,0.11336301715649988,0.11336301715650166,4,0.027392385365182292,0.00013886969601673016,0.027343752044025393,0.018680213678493374,ae003023fc16fc656b0f3fa2b89094b1ef41056905d14e809cbd34cc195decd8,56b1c3b9dbfceb9726b574255b4bebb6d2eb368473c01f2cfbd5e3d32eae7da8
2017-07-01,ordinary,scalar,41,0.6961580150607605,0.6967473379676303,0.0005893229068698602,0.0005893229068698602,4.8800330639087175e-05,8.44087833143381e-07,32,35,PASS,PASS,0.1421990398062114,0.14219903980620607,4,0.03347159506512298,0.00017419382376260284,0.03396103296695685,0.022895303311948112,3229adbfedd7eedfa6bd682d2d9a032a1bdfdf5ad503f35af3c0809072e7100a,0d50f9e5f5ac2f071da23edad1656d1444e1e3ed31441f3b8efd7b65315b0a10
2017-07-01,ordinary,waveform,41,0.7098677447613992,0.7103465367583375,0.0004787919969382326,0.0004787919969382326,5.159933360629476e-05,5.389129167227003e-07,27,38,PASS,PASS,0.11336301715649988,0.11336301715650166,4,0.027392385365182292,0.00013886969601673016,0.027338664369764842,0.018667264489238278,1342ee8746d4ee9b23ebf3c9821c2fe375846793cd4a71c43ba8085892993816,115d5116bad6a3924c64b99b84388998959e5d68d0da586906d012dec59dedc6
2017-10-01,heatwave_dr,full,41,31.46455347143873,31.470299978385192,0.005746506946461949,0.005746506946461949,8.828501320756743e-05,3.605027727449084e-07,10,12,PASS,PASS,1.6745399164405192,1.6745399164405192,6,0.4454330093971137,0.002051311397639699,0.4448704834780912,0.2837887808802222,65e519698a7ebf56c8cdd121afa5722c6d128a5be5e572babc5ee51a986041c2,6a1c9911de30be4eb83fc622b2fbb9d78c425b2f34536c0682225955a5dc7c80
2017-10-01,heatwave_dr,full_mean,41,31.46455619287213,31.47030251568494,0.005746322812807847,0.005746322812807847,8.827984065762351e-05,3.605027727449084e-07,10,12,PASS,PASS,1.674491062537843,1.6744910625378466,6,0.44541748988813623,0.0020512515516089014,0.44437051239204095,0.28385617004669683,b0e7b9af390593c63144d77a72ecc8e6c02db7ef555cfc1cc8dc8a2bc677ba3a,712b500b60bb43ad2f0cb38f2844cd1bd052f4ec1376aee0b2098ebe63f55f3e
2017-10-01,heatwave_dr,scalar,41,31.463792532121417,31.468499801124505,0.004707269003088044,0.004707269003088044,9.187151529399529e-05,8.136638942612962e-07,12,16,PASS,PASS,1.791450528513785,1.791450528513784,6,0.7080548526008741,0.002284915503824869,0.697198327364255,0.44965284990796306,806ecde79fe75534c1f7b161132d52cacb436bfb30fa51550e7257e5ff2cc606,ae2daf08d1fb2ef2ef3b8472603773d19c08bf1598ce6251f279db4da33bcb91
2017-10-01,heatwave_dr,waveform,41,31.46453508881176,31.470282839654338,0.005747750842576949,0.005747750842576949,8.831996001967823e-05,3.605027727449084e-07,10,12,PASS,PASS,1.6748699442924746,1.674869944292464,6,0.4455378538999426,0.002051715681758326,0.44438122962024806,0.2836540841683757,64711460992171552b3b7b56b74fa1c107a1312d236f41a1ee9371d0fdc4b957,4b21ac290666f9417542d8f72ed7514252cb2cb5b53b97777e223bfd7390d306
2017-10-01,ordinary,full,41,31.46307346480368,31.46869131125462,0.005617846450938657,0.005617846450938657,8.471563051415387e-05,3.605027727449084e-07,10,16,PASS,PASS,1.6404775731399113,1.6404775731399148,6,0.4346482066612971,0.002009585027096472,0.43410204814767894,0.276917426993748,ff5a09be972115ce3febe7b318e002095491e179ae75e37178bdb13dbffbd674,7775a8ecf5afc1690ed99fa54f68299e39612d21595eb5d6bf4bc5d091a21102
2017-10-01,ordinary,full_mean,41,31.463076035102425,31.468693697468254,0.005617662365828835,0.005617662365828835,8.471056670078525e-05,3.605027727449084e-07,10,16,PASS,PASS,1.6404287408224185,1.6404287408224327,6,0.43463279694238466,0.002009525207507523,0.43361628329765267,0.27698263759504727,ce447cf8be04d93522d6783a834139b1f3751371f61e3d812a4d1b35e527a747,d14fa82ba503d983a91b7c12b8a996b00388adb9139f402384589540313bb198
2017-10-01,ordinary,scalar,41,31.462310676984004,31.46694721136551,0.004636534381507573,0.004636534381507573,9.187151529399529e-05,8.136638942612962e-07,12,16,PASS,PASS,1.7914505285137698,1.7914505285137698,6,0.7080548526008741,0.002284915503824869,0.6971983273642479,0.44965284990796306,068d3e0ff0fc60fbb374c388e71b5fe3070b99a1e716f789169ea557eea0f35f,1b853db1a3a872f97fc6452d49708946bbaaf93fbc6518f89d4053ad7f64ee20
2017-10-01,ordinary,waveform,41,31.463056102885403,31.468618019291775,0.005561916406371381,0.005561916406371381,8.474984277473396e-05,8.102636590567869e-07,12,16,PASS,PASS,1.64080745607734,1.64080745607734,6,0.4347523097229562,0.0020099891336947673,0.433629333576917,0.2767881196670068,8b3e2bf2ee1d364181c5cdf45e2d79a14033f6320a0949d69c3b875bcb8030b8,08b38222beb52246ec6ac4160eeab5bf76fd1c724fc30cee7312da3d6e2b9e71
