setting,date,mode,total_cost_USD,Tj_RMSE_C,Tj_peak_C,DR_shortfall_kWh,battery_wear,converter_wear,thermal_exceedance_hours
IR_bias_minus_2,2017-01-01,full,254.02560276225148,1.6558701236127362,58.71047554310487,0.00086734519860695,0.0001272328962306,1.1178343568611996e-07,0.0
IR_bias_minus_2,2017-01-01,full_mean,254.02560276225148,1.1617153101443993,58.71047554310487,0.00086734519860695,0.0001272328962306,1.1178343568611996e-07,0.0
IR_bias_minus_2,2017-01-01,scalar,254.0306616056711,0.5950320227046038,58.5987630167532,0.0030267542325734,0.0001272328962306,1.0973337715123313e-07,0.0
IR_bias_minus_2,2017-01-01,waveform,254.02560276225148,0.1956360926121996,58.71047554310487,0.00086734519860695,0.0001272328962306,1.1178343568611996e-07,0.0
IR_bias_minus_2,2017-04-01,full,18.675246952022345,1.6546624152631633,79.03759885655455,0.0,5.328393003411328e-05,8.597882939661264e-07,0.0
IR_bias_minus_2,2017-04-01,full_mean,18.66695567506123,1.1580416921001535,79.05215522270422,0.0,5.332571122650362e-05,8.61337984150211e-07,0.0
IR_bias_minus_2,2017-04-01,scalar,18.632463710529777,0.28468164676036434,79.11474929628001,0.0,5.3460581284751005e-05,8.684216538707488e-07,0.0
IR_bias_minus_2,2017-04-01,waveform,18.668671034489705,0.19159656825603777,79.04906056461834,0.0,5.3316923300120145e-05,8.610052227047301e-07,0.0
IR_bias_minus_2,2017-07-01,full,0.7145011687424917,1.6545995497065917,69.6452778738826,0.0,2.9284478480457962e-05,8.458297612161527e-08,0.0
IR_bias_minus_2,2017-07-01,full_mean,0.7145154299203703,1.1581634062126693,69.64528899615195,0.0,2.9284542746774853e-05,8.458314650553204e-08,0.0
IR_bias_minus_2,2017-07-01,scalar,0.7021219801001294,0.2805824402706196,69.64576866559597,0.0,2.9259100957465016e-05,8.442293970889064e-08,0.0
IR_bias_minus_2,2017-07-01,waveform,0.7145151020467625,0.19147074533939656,69.64529149976356,0.0,2.9284541182654794e-05,8.458318715658268e-08,0.0
IR_bias_minus_2,2017-10-01,full,31.46274873733912,1.6550393705682431,71.56189425425208,0.0,5.856331467298907e-05,4.917793167594291e-07,0.0
IR_bias_minus_2,2017-10-01,full_mean,31.46275108297439,1.1589141614191956,71.56229498501307,0.0,5.856333174218266e-05,4.918041777160848e-07,0.0
IR_bias_minus_2,2017-10-01,scalar,31.463792621435793,0.49715146955912837,71.54162566842555,0.0,5.856272724283038e-05,4.914997846088766e-07,0.0
IR_bias_minus_2,2017-10-01,waveform,31.46264560279335,0.19415317999124126,71.54426872015267,0.0,5.85625636182463e-05,4.906875802313915e-07,0.0
battery_100,2017-01-01,full,261.48307699206634,0.5179846709936959,44.15563968182137,0.0011777910792467,0.0001272328962306,5.928332172121961e-09,0.0
battery_100,2017-01-01,full_mean,261.48307699206634,0.05588369751455095,44.15563968182137,0.0011777910792467,0.0001272328962306,5.928332172121961e-09,0.0
battery_100,2017-01-01,scalar,261.49318510230825,0.2545289988982856,44.15161000942606,0.0042650491134015,0.0001272328962306,5.934527923667363e-09,0.0
battery_100,2017-01-01,waveform,261.48307699206634,0.19129782514360594,44.15563968182137,0.0011777910792467,0.0001272328962306,5.928332172121961e-09,0.0
battery_100,2017-04-01,full,22.499784775289392,0.5183029514158131,77.37136007982599,0.0,0.0001279681936541,6.763293726917413e-07,0.0
battery_100,2017-04-01,full_mean,22.499558511959876,0.05871381467509365,77.37136065673997,0.0,0.00012797403892045002,6.763294334539242e-07,0.0
battery_100,2017-04-01,scalar,22.511269378068178,0.28622245560317944,77.38480036762382,0.0,0.00012772798281995,6.775342657895026e-07,0.0
battery_100,2017-04-01,waveform,22.5025163658471,0.1913386246416785,77.37135330703778,0.0,0.00012789821079174998,6.76328680673661e-07,0.0
battery_100,2017-07-01,full,-1.5076524711312982,0.5182824567528106,57.24362130151326,0.0,3.3691450606377406e-05,4.062987009229546e-09,0.0
battery_100,2017-07-01,full_mean,-1.4759969512304691,0.0535196417781242,57.24362130327117,0.0,3.33126267978554e-05,4.06305715578376e-09,0.0
battery_100,2017-07-01,scalar,-1.4967788834160463,0.2040128793211448,57.24116595201056,0.0,3.4292718443114546e-05,4.056708676091116e-09,0.0
battery_100,2017-07-01,waveform,-1.4615069765946056,0.19115842187027743,57.24301874339132,0.0,3.329452131088066e-05,4.0626740792412e-09,0.0
battery_100,2017-10-01,full,33.96112666858608,0.5183496565866892,64.23527690052748,0.0,0.0001385412884776,1.3857678126917358e-07,0.0
battery_100,2017-10-01,full_mean,33.96112666858608,0.05747295481664225,64.23527690052748,0.0,0.0001385412884776,1.3857678126917358e-07,0.0
battery_100,2017-10-01,scalar,33.96616456428081,0.4932973601225692,64.33969242901816,0.0,0.0001384101547007,1.4106170026885918e-07,0.0
battery_100,2017-10-01,waveform,33.96112666858608,0.1913246958546807,64.23527690052748,0.0,0.0001385412884776,1.3857678126917358e-07,0.0
battery_400,2017-01-01,full,245.2170227143264,0.5166330238248773,76.68135965302639,0.0,8.190776298213717e-05,2.1334687989513913e-06,0.0
battery_400,2017-01-01,full_mean,245.2170227143264,0.09856904652758411,76.68135965302639,0.0,8.190776298213717e-05,2.1334687989513913e-06,0.0
battery_400,2017-01-01,scalar,245.2272179070705,1.0313974397113819,76.53602854549392,0.0,8.176700146805133e-05,2.109895369516576e-06,0.0
battery_400,2017-01-01,waveform,245.2170227143264,0.21014542387775836,76.68135965302639,0.0,8.190776298213717e-05,2.1334687989513913e-06,0.0
battery_400,2017-04-01,full,17.948845089259926,0.5185705891300345,78.26964946051251,0.0,1.6713303902742615e-05,8.288166717287242e-07,0.0
battery_400,2017-04-01,full_mean,17.949223949328626,0.059485856017322994,78.26799239105785,0.0,1.6712836201936902e-05,8.287600814699384e-07,0.0
battery_400,2017-04-01,scalar,17.87756330303774,0.29888619291119223,78.62387225111024,0.0,1.680915972060788e-05,8.458924475040687e-07,0.0
battery_400,2017-04-01,waveform,17.94886722812359,0.19173315996793705,78.26956005212801,0.0,1.6713278611388183e-05,8.288142406834503e-07,0.0
battery_400,2017-07-01,full,14.770321718263073,0.5177713385457439,101.07043081503477,0.0,3.1952841176989915e-05,4.55513226628414e-06,0.0
battery_400,2017-07-01,full_mean,14.770324546391404,0.07531159946499474,101.07111639726119,0.0,3.1952841176989915e-05,4.555436697987291e-06,0.0
battery_400,2017-07-01,scalar,14.870897351100243,0.9451274057716861,106.9632762897865,0.0,3.194364211306833e-05,8.024872302993655e-06,0.0
battery_400,2017-07-01,waveform,14.769682877459786,0.19437213354474644,101.03696796765158,0.0,3.1952841176989915e-05,4.541222162845153e-06,0.0
battery_400,2017-10-01,full,30.108114015325683,0.5182344407897036,73.38568460012279,0.0,1.8729448313520733e-05,6.236239938442705e-07,0.0
battery_400,2017-10-01,full_mean,30.108113907850424,0.06159036369987505,73.3856577496936,0.0,1.8729448313520733e-05,6.236219516658642e-07,0.0
battery_400,2017-10-01,scalar,30.11518864647795,0.49720483918933855,73.38016024327882,0.0,1.872363825590821e-05,6.240071197723709e-07,0.0
battery_400,2017-10-01,waveform,30.108101167405895,0.19438306430364116,73.38249086940647,0.0,1.8729448313520733e-05,6.233797846348236e-07,0.0
cooling_120,2017-01-01,full,254.02847548694984,0.7683769341822054,63.604764355626465,0.00086734519860695,0.0001272328962306,2.0754092563183945e-07,0.0
cooling_120,2017-01-01,full_mean,254.02847548694984,0.9739279759056748,63.604764355626465,0.00086734519860695,0.0001272328962306,2.0754092563183945e-07,0.0
cooling_120,2017-01-01,scalar,254.03348385253912,1.6620278191823405,63.48285081243963,0.0030267542325734,0.0001272328962306,2.038082727521831e-07,0.0
cooling_120,2017-01-01,waveform,254.02847548694984,1.310511884544998,63.604764355626465,0.00086734519860695,0.0001272328962306,2.0754092563183945e-07,0.0
cooling_120,2017-04-01,full,18.688307512711695,0.6553250465479867,83.82518662258892,0.0,5.330310341446262e-05,1.4243496155157513e-06,0.0
cooling_120,2017-04-01,full_mean,18.688432073490706,0.7235286372652384,83.82484170766541,0.0,5.330246425338092e-05,1.424292354080263e-06,0.0
cooling_120,2017-04-01,scalar,18.662840115492564,1.1108716962675271,83.89141638330275,0.0,5.339203622248926e-05,1.4358719537445414e-06,0.0
cooling_120,2017-04-01,waveform,18.68412670910221,0.9749131783419616,83.83670679354076,0.0,5.3324490145802736e-05,1.42626025317632e-06,0.0
cooling_120,2017-07-01,full,0.715608812651611,0.6022965380751466,72.35437566257384,0.0,2.928459262403644e-05,1.2065947461257438e-07,0.0
cooling_120,2017-07-01,full_mean,0.7156087996252575,0.5255943593934533,72.35437566018697,0.0,2.9284592564843432e-05,1.2065947457164657e-07,0.0
cooling_120,2017-07-01,scalar,0.7024650322586262,0.8188784851628903,72.35267523425418,0.0,2.9259100957465016e-05,1.2209259963709145e-07,0.0
cooling_120,2017-07-01,waveform,0.7156088599423471,0.7235140115541516,72.35437588559336,0.0,2.928459283293878e-05,1.2065947943820578e-07,0.0
cooling_120,2017-10-01,full,31.466884926560212,0.6804711423131933,73.80404113254377,0.0,5.8562273436277716e-05,6.329046399019681e-07,0.0
cooling_120,2017-10-01,full_mean,31.466883318103587,0.7410534895348666,73.8037767773148,0.0,5.856226255546108e-05,6.328850048307675e-07,0.0
cooling_120,2017-10-01,scalar,31.46804642585961,1.2600605281104809,73.79927888915017,0.0,5.856236581923089e-05,6.344218405065169e-07,0.0
cooling_120,2017-10-01,waveform,31.466874440172326,0.9970987243373155,73.802317922076,0.0,5.856220254393636e-05,6.327764816609945e-07,0.0
margin_six,2017-01-01,full,254.02560276225148,0.5174322803270001,58.71047554310487,0.00086734519860695,0.0001272328962306,1.1178343568611996e-07,0.0
margin_six,2017-01-01,full_mean,254.02560276225148,0.0708525420745858,58.71047554310487,0.00086734519860695,0.0001272328962306,1.1178343568611996e-07,0.0
margin_six,2017-01-01,scalar,254.0306616056711,0.5950320227046038,58.5987630167532,0.0030267542325734,0.0001272328962306,1.0973337715123313e-07,0.0
margin_six,2017-01-01,waveform,254.02560276225148,0.19563609261219955,58.71047554310487,0.00086734519860695,0.0001272328962306,1.1178343568611996e-07,0.0
margin_six,2017-04-01,full,18.674567913581125,0.5184279813532262,79.0385855879529,0.0,5.3287043801156685e-05,8.598836132401097e-07,0.0
margin_six,2017-04-01,full_mean,18.680598884657186,0.0591473719013407,79.02787273865907,0.0,5.325648312749549e-05,8.587371188399495e-07,0.0
margin_six,2017-04-01,scalar,18.63244025009164,0.2845821343250866,79.11474929628001,0.0,5.3460581284751005e-05,8.682645985178691e-07,0.0
margin_six,2017-04-01,waveform,18.668671034489705,0.19159656825603777,79.04906056461834,0.0,5.3316923300120145e-05,8.610052227047301e-07,0.0
margin_six,2017-07-01,full,0.7158401280072695,0.5176292845885014,69.83244504151884,0.0,2.9284529359081823e-05,8.765140297791674e-08,0.0
margin_six,2017-07-01,full_mean,0.7158576774178922,0.0549141680910373,69.83292384276831,0.0,2.928459360932944e-05,8.765935242040213e-08,0.0
margin_six,2017-07-01,scalar,0.7026643198565818,0.28138609375300416,69.77470788502436,0.0,2.9259100957465016e-05,8.716992167874648e-08,0.0
margin_six,2017-07-01,waveform,0.7158433527352421,0.1914814386163305,69.83253292359379,0.0,2.9284541182654794e-05,8.765284866618117e-08,0.0
margin_six,2017-10-01,full,31.46266171840223,0.5182885076182739,71.54702368207359,0.0,5.856268101951106e-05,4.90858083616217e-07,0.0
margin_six,2017-10-01,full_mean,31.46268947074774,0.061076829735743896,71.54700053047688,0.0,5.856267995871098e-05,4.908564616105686e-07,0.0
margin_six,2017-10-01,scalar,31.463792621435793,0.49715146955912837,71.54162566842555,0.0,5.856272724283038e-05,4.914997846088766e-07,0.0
margin_six,2017-10-01,waveform,31.46264560279335,0.19415317999124126,71.54426872015267,0.0,5.85625636182463e-05,4.906875802313915e-07,0.0
margin_zero,2017-01-01,full,254.02560276225148,0.5174322803270001,58.71047554310487,0.00086734519860695,0.0001272328962306,1.1178343568611996e-07,0.0
margin_zero,2017-01-01,full_mean,254.02560276225148,0.0708525420745858,58.71047554310487,0.00086734519860695,0.0001272328962306,1.1178343568611996e-07,0.0
margin_zero,2017-01-01,scalar,254.0306616056711,0.5950320227046038,58.5987630167532,0.0030267542325734,0.0001272328962306,1.0973337715123313e-07,0.0
margin_zero,2017-01-01,waveform,254.02560276225148,0.1956360926121996,58.71047554310487,0.00086734519860695,0.0001272328962306,1.1178343568611996e-07,0.0
margin_zero,2017-04-01,full,18.674567913581125,0.5184279813532262,79.0385855879529,0.0,5.3287043801156685e-05,8.598836132401097e-07,0.0
margin_zero,2017-04-01,full_mean,18.680598884657186,0.0591473719013407,79.02787273865907,0.0,5.325648312749549e-05,8.587371188399495e-07,0.0
margin_zero,2017-04-01,scalar,18.632463710529777,0.28468164676036434,79.11474929628001,0.0,5.3460581284751005e-05,8.684216538707488e-07,0.0
margin_zero,2017-04-01,waveform,18.668671034489705,0.19159656825603777,79.04906056461834,0.0,5.3316923300120145e-05,8.610052227047301e-07,0.0
margin_zero,2017-07-01,full,0.7112047922316664,0.5177748633068646,69.13305972273054,0.0,2.9284529359081823e-05,7.664610076415238e-08,0.0
margin_zero,2017-07-01,full_mean,0.7112193423167813,0.05491074541003695,69.13307238506022,0.0,2.928459360932944e-05,7.664628675221496e-08,0.0
margin_zero,2017-07-01,scalar,0.6984058478151555,0.2782711901626299,69.1337216021634,0.0,2.9259100957465016e-05,7.707864258054677e-08,0.0
margin_zero,2017-07-01,waveform,0.7112074692345943,0.19144785064867204,69.13306235142903,0.0,2.9284541182654794e-05,7.664613909769677e-08,0.0
margin_zero,2017-10-01,full,31.46266171840223,0.5182885076182739,71.54702368207359,0.0,5.856268101951106e-05,4.90858083616217e-07,0.0
margin_zero,2017-10-01,full_mean,31.46268947074774,0.061076829735743896,71.54700053047688,0.0,5.856267995871098e-05,4.908564616105686e-07,0.0
margin_zero,2017-10-01,scalar,31.463792621435793,0.49715146955912837,71.54162566842555,0.0,5.856272724283038e-05,4.914997846088766e-07,0.0
margin_zero,2017-10-01,waveform,31.46264560279335,0.19415317999124126,71.54426872015267,0.0,5.85625636182463e-05,4.906875802313915e-07,0.0
radius_double,2017-01-01,full,252.57344760866616,0.5164469684195454,57.98758093903102,0.0011777910792475999,0.00010728829473980001,8.298826413706105e-08,0.0
radius_double,2017-01-01,full_mean,252.57344760866616,0.07188786595797239,57.98758093903102,0.0011777910792475999,0.00010728829473980001,8.298826413706105e-08,0.0
radius_double,2017-01-01,scalar,252.57751646612505,0.5721946057498204,57.898767435515445,0.0042650491134015,0.0001072543033372,8.107565634915675e-08,0.0
radius_double,2017-01-01,waveform,252.57344760866616,0.1972544298841627,57.98758093903102,0.0011777910792475999,0.00010728829473980001,8.298826413706105e-08,0.0
radius_double,2017-04-01,full,20.120834891206997,0.5185096389717045,78.43672228507612,0.0,6.058524776409706e-05,1.320831054297649e-06,0.0
radius_double,2017-04-01,full_mean,20.11982774182768,0.0601092285833596,78.42916385242077,0.0,6.058314702505885e-05,1.3143805240666214e-06,0.0
radius_double,2017-04-01,scalar,20.158912942430128,0.34746284771110436,80.13912056114319,0.0,6.103573462354528e-05,1.5157434948597877e-06,0.0
radius_double,2017-04-01,waveform,20.11357900393132,0.19121391344771138,78.18692801368306,0.0,6.051547823062879e-05,1.2907610452541904e-06,0.0
radius_double,2017-07-01,full,1.0448908590324022,0.5180927765228251,68.79072164575481,0.0,3.197208086167033e-05,6.909355982808949e-08,0.0
radius_double,2017-07-01,full_mean,1.0448909727028286,0.05395881274057385,68.79072164575481,0.0,3.197208086167033e-05,6.909371873906243e-08,0.0
radius_double,2017-07-01,scalar,1.0422193543428264,0.205830635418428,68.79016108695846,0.0,3.195776929423058e-05,6.881289501843799e-08,0.0
radius_double,2017-07-01,waveform,1.0440767813412792,0.1911293920321173,68.79072164575481,0.0,3.197208086167033e-05,6.905909523659879e-08,0.0
radius_double,2017-10-01,full,34.12188306536113,0.5181369827788187,73.85426268723661,0.0,4.17888257617327e-05,6.46320049272728e-07,0.0
radius_double,2017-10-01,full_mean,34.12188306536113,0.05747437825635045,73.85426268723661,0.0,4.17888257617327e-05,6.46320049272728e-07,0.0
radius_double,2017-10-01,scalar,34.12829090561887,0.49214847199204315,73.88518436865908,0.0,4.197174065006053e-05,6.500830015080015e-07,0.0
radius_double,2017-10-01,waveform,34.12188306536113,0.19105463123723546,73.85426268723661,0.0,4.17888257617327e-05,6.46320049272728e-07,0.0
radius_zero,2017-01-01,full,254.3601876873988,0.5170268237231286,58.78455915038583,0.00067864958218685,0.0001322451202441,9.540007750904285e-08,0.0
radius_zero,2017-01-01,full_mean,254.36021308650876,0.07119612903133826,58.784559150153136,0.00067864958218685,0.0001322451202441,9.538788043039076e-08,0.0
radius_zero,2017-01-01,scalar,254.36386082409456,0.602797333231746,58.76184576744658,0.001238294880828,0.0001322451202441,9.496664292777707e-08,0.0
radius_zero,2017-01-01,waveform,254.3602149356518,0.19558140526174922,58.784559150136175,0.00067864958218685,0.0001322451202441,9.538931108150577e-08,0.0
radius_zero,2017-04-01,full,17.28971048134717,0.5182740094490741,78.13077459222576,0.0,5.8672240193389995e-05,7.420675584697023e-07,0.0
radius_zero,2017-04-01,full_mean,17.28971048134717,0.0586127508483899,78.13077459222576,0.0,5.8672240193389995e-05,7.420675584697023e-07,0.0
radius_zero,2017-04-01,scalar,17.28611423415376,0.28735427388778667,78.143509989677,0.0,5.86804153043242e-05,7.435459518820803e-07,0.0
radius_zero,2017-04-01,waveform,17.28971048134717,0.19122213267561528,78.13077459222576,0.0,5.8672240193389995e-05,7.420675584697023e-07,0.0
radius_zero,2017-07-01,full,-0.4304709162498359,0.5179858254561559,76.69417497355732,0.0,3.027408540766516e-05,2.8116701229467094e-07,0.0
radius_zero,2017-07-01,full_mean,-0.4313685979389157,0.0553431823581415,76.69417497355732,0.0,3.027408540766516e-05,2.8000176112647753e-07,0.0
radius_zero,2017-07-01,scalar,-0.4370553369146568,0.43213571773826853,76.58555934978314,0.0,3.025628788856223e-05,2.766055314912504e-07,0.0
radius_zero,2017-07-01,waveform,-0.4304709162498359,0.19104379181806647,76.69417497355732,0.0,3.027408540766516e-05,2.8116701229467094e-07,0.0
radius_zero,2017-10-01,full,30.49961177215215,0.5183148821383343,73.75064765936804,0.0,6.302525755287833e-05,6.045287716741355e-07,0.0
radius_zero,2017-10-01,full_mean,30.49959266690599,0.0593118889326755,73.7484305251873,0.0,6.302507859885353e-05,6.043595162921861e-07,0.0
radius_zero,2017-10-01,scalar,30.486309553690567,0.49834726276919306,73.06537385159005,0.0,6.295787087985544e-05,5.557564582007873e-07,0.0
radius_zero,2017-10-01,waveform,30.506518688333074,0.19250952943445104,74.53775867005677,0.0,6.308858879755904e-05,6.703341711287252e-07,0.0
